-- phpMyAdmin SQL Dump
-- version 5.2.0
-- https://www.phpmyadmin.net/
--
-- Host: 127.0.0.1
-- Czas generowania: 16 Mar 2023, 22:18
-- Wersja serwera: 10.4.27-MariaDB
-- Wersja PHP: 8.2.0

SET SQL_MODE = "NO_AUTO_VALUE_ON_ZERO";
START TRANSACTION;
SET time_zone = "+00:00";


/*!40101 SET @OLD_CHARACTER_SET_CLIENT=@@CHARACTER_SET_CLIENT */;
/*!40101 SET @OLD_CHARACTER_SET_RESULTS=@@CHARACTER_SET_RESULTS */;
/*!40101 SET @OLD_COLLATION_CONNECTION=@@COLLATION_CONNECTION */;
/*!40101 SET NAMES utf8mb4 */;

--
-- Baza danych: `osadnicy`
--

-- --------------------------------------------------------

--
-- Struktura tabeli dla tabeli `ataki`
--

CREATE TABLE `ataki` (
  `id` int(10) NOT NULL,
  `uczestnik` int(20) NOT NULL,
  `sojusz_atak` int(20) NOT NULL,
  `czas_dotarcia` date NOT NULL,
  `wioska_poczatek` int(20) NOT NULL,
  `wioska_koniec` int(20) NOT NULL,
  `miecznik` int(20) NOT NULL,
  `lucznik` int(20) NOT NULL,
  `kawalerzysta` int(20) NOT NULL,
  `katapulta` int(20) NOT NULL,
  `karabin` int(20) NOT NULL,
  `armata` int(20) NOT NULL,
  `czolg` int(20) NOT NULL,
  `karabinmaszynowy` int(20) NOT NULL,
  `mustang` int(20) NOT NULL,
  `F-35` int(20) NOT NULL,
  `NorthopB2` int(20) NOT NULL,
  `tomahawk` int(20) NOT NULL
) ENGINE=InnoDB DEFAULT CHARSET=utf8mb4 COLLATE=utf8mb4_general_ci;

-- --------------------------------------------------------

--
-- Struktura tabeli dla tabeli `budowa`
--

CREATE TABLE `budowa` (
  `id` int(11) NOT NULL,
  `ilosc` int(11) NOT NULL,
  `budynek` text NOT NULL,
  `mecz` int(11) NOT NULL,
  `wioska` int(11) NOT NULL,
  `kiedy_rozpoczeto` int(11) NOT NULL,
  `kiedy_koniec` int(11) NOT NULL,
  `zrobione` int(11) NOT NULL
) ENGINE=InnoDB DEFAULT CHARSET=utf8mb4 COLLATE=utf8mb4_general_ci;

--
-- Zrzut danych tabeli `budowa`
--

INSERT INTO `budowa` (`id`, `ilosc`, `budynek`, `mecz`, `wioska`, `kiedy_rozpoczeto`, `kiedy_koniec`, `zrobione`) VALUES
(3, 1, 'kuznia', 1, 2, 1678917664, 1678917964, 1),
(4, 2, 'dom', 1, 2, 1678992524, 1678992764, 1),
(6, 1, 'uniwersytet', 1, 2, 1678995901, 1678998301, 1),
(7, 1, 'koszary', 1, 2, 1678998785, 1678999685, 1),
(8, 4, 'gospodarstwo', 1, 2, 1678999087, 1678999387, 1);

-- --------------------------------------------------------

--
-- Struktura tabeli dla tabeli `budynki`
--

CREATE TABLE `budynki` (
  `id` int(11) NOT NULL,
  `drewno` int(20) NOT NULL,
  `metal` int(20) NOT NULL,
  `kamien` int(20) NOT NULL,
  `pieniadze` int(20) NOT NULL,
  `Nazwa` varchar(20) NOT NULL,
  `czas_budowy` int(20) NOT NULL
) ENGINE=InnoDB DEFAULT CHARSET=utf8mb4 COLLATE=utf8mb4_general_ci;

--
-- Zrzut danych tabeli `budynki`
--

INSERT INTO `budynki` (`id`, `drewno`, `metal`, `kamien`, `pieniadze`, `Nazwa`, `czas_budowy`) VALUES
(1, 100000, 10000, 400000, 10000000, 'ratusz', 0),
(2, 0, 0, 0, 1000, 'gospodarstwo', 300),
(3, 0, 0, 0, 5000, 'tartak', 300),
(4, 5000, 0, 0, 10000, 'kuznia', 300),
(5, 5000, 4000, 0, 20000, 'kamieniolom', 300),
(6, 2000, 0, 0, 100000, 'dom', 240),
(7, 0, 10000, 50000, 1000000, 'blok', 480),
(8, 200000, 100000, 500000, 20000000, 'kosciol', 1200),
(9, 100000, 20000, 20000, 2000000, 'koszary', 900),
(10, 100000, 20000, 20000, 2000000, 'stajnia', 900),
(11, 0, 100000, 100000, 1000000, 'huta', 1500),
(12, 0, 1000000, 100000, 10000000, 'fabryka', 2400),
(13, 0, 1000000, 1000000, 20000000, 'lotnisko', 3600),
(14, 20000, 10000, 50000, 1000000, 'uniwersytet', 2400);

-- --------------------------------------------------------

--
-- Struktura tabeli dla tabeli `ery`
--

CREATE TABLE `ery` (
  `id` int(11) NOT NULL,
  `cena` bigint(30) NOT NULL
) ENGINE=InnoDB DEFAULT CHARSET=utf8mb4 COLLATE=utf8mb4_general_ci;

--
-- Zrzut danych tabeli `ery`
--

INSERT INTO `ery` (`id`, `cena`) VALUES
(1, 100000000),
(2, 1000000000),
(3, 10000000000),
(4, 100000000000);

-- --------------------------------------------------------

--
-- Struktura tabeli dla tabeli `morale`
--

CREATE TABLE `morale` (
  `id` int(11) NOT NULL,
  `poziom` int(11) NOT NULL,
  `koszt` bigint(20) NOT NULL
) ENGINE=InnoDB DEFAULT CHARSET=utf8mb4 COLLATE=utf8mb4_general_ci;

--
-- Zrzut danych tabeli `morale`
--

INSERT INTO `morale` (`id`, `poziom`, `koszt`) VALUES
(0, 1, 0),
(1, 2, 100000000),
(2, 3, 400000000),
(3, 5, 1000000000),
(4, 7, 5000000000),
(5, 10, 50000000000);

-- --------------------------------------------------------

--
-- Struktura tabeli dla tabeli `szkolenia`
--

CREATE TABLE `szkolenia` (
  `id` int(20) NOT NULL,
  `ilosc` int(20) NOT NULL,
  `jednostka` text NOT NULL,
  `mecz` int(20) NOT NULL,
  `wioska` int(20) NOT NULL,
  `kiedy_rozpoczeto` int(20) NOT NULL,
  `kiedy_koniec` int(20) NOT NULL,
  `zrobione` int(20) NOT NULL
) ENGINE=InnoDB DEFAULT CHARSET=utf8mb4 COLLATE=utf8mb4_general_ci;

--
-- Zrzut danych tabeli `szkolenia`
--

INSERT INTO `szkolenia` (`id`, `ilosc`, `jednostka`, `mecz`, `wioska`, `kiedy_rozpoczeto`, `kiedy_koniec`, `zrobione`) VALUES
(1, 5, 'czolg', 1, 1, 1678828044, 1678829244, 1),
(2, 15, 'mustang', 1, 1, 1678828196, 1678829696, 1),
(3, 25, 'f35', 1, 1, 1678828196, 1678829996, 1);

-- --------------------------------------------------------

--
-- Struktura tabeli dla tabeli `uczestnicy`
--

CREATE TABLE `uczestnicy` (
  `id` int(11) NOT NULL,
  `id_user` int(11) NOT NULL,
  `mecz` int(11) NOT NULL,
  `era` int(11) NOT NULL,
  `czas` bigint(20) NOT NULL,
  `uczestnictwo` int(10) NOT NULL,
  `zatwierdzone` int(10) NOT NULL
) ENGINE=InnoDB DEFAULT CHARSET=utf8mb4 COLLATE=utf8mb4_general_ci;

--
-- Zrzut danych tabeli `uczestnicy`
--

INSERT INTO `uczestnicy` (`id`, `id_user`, `mecz`, `era`, `czas`, `uczestnictwo`, `zatwierdzone`) VALUES
(0, 7, 0, 0, 0, 0, 0),
(1, 1, 1, 5, 1678817634, 2, 1),
(2, 3, 1, 1, 1678817641, 1, 1),
(3, 4, 1, 1, 1678817643, 1, 1),
(4, 5, 1, 1, 1678817645, 1, 1),
(5, 6, 1, 1, 1678817647, 1, 1);

-- --------------------------------------------------------

--
-- Struktura tabeli dla tabeli `uzytkownicy`
--

CREATE TABLE `uzytkownicy` (
  `id` int(10) NOT NULL,
  `login` varchar(20) NOT NULL,
  `password` varchar(20) NOT NULL,
  `imie` varchar(20) NOT NULL,
  `nazwisko` varchar(20) NOT NULL,
  `email` varchar(30) NOT NULL
) ENGINE=InnoDB DEFAULT CHARSET=utf8mb4 COLLATE=utf8mb4_general_ci;

--
-- Zrzut danych tabeli `uzytkownicy`
--

INSERT INTO `uzytkownicy` (`id`, `login`, `password`, `imie`, `nazwisko`, `email`) VALUES
(1, 'filaos', '123', 'Filip', 'Sawicki', 'filip.mateusz48@gmail.com'),
(3, 'fi', '12', 'Filip', 'Sawicki', 'filip48@gmail.com'),
(4, 'tede48', '45', 'Tadeusz', 'Sawicki', 'tede@gmail.com'),
(5, 'er', 'er', 'er', 'dfs', 'er@gmail.com'),
(6, 'ad', 'ad', 'a', 'ad', 'ad@gmail.com'),
(7, '0', '0', '0', '0', '0');

-- --------------------------------------------------------

--
-- Struktura tabeli dla tabeli `wioska`
--

CREATE TABLE `wioska` (
  `id` int(11) NOT NULL,
  `id_uczestnika` int(11) NOT NULL,
  `mecz` int(20) NOT NULL,
  `pozycjax` int(11) NOT NULL,
  `pozycjay` int(11) NOT NULL,
  `ratusz` int(20) NOT NULL,
  `gospodarstwo` int(20) NOT NULL,
  `huta` int(20) NOT NULL,
  `kuznia` int(20) NOT NULL,
  `kamieniolom` int(20) NOT NULL,
  `tartak` int(20) NOT NULL,
  `dom` int(20) NOT NULL,
  `blok` int(20) NOT NULL,
  `uniwersytet` int(20) NOT NULL,
  `kosciol` int(20) NOT NULL,
  `koszary` int(20) NOT NULL,
  `stajnia` int(20) NOT NULL,
  `fabryka` int(20) NOT NULL,
  `lotnisko` int(20) NOT NULL,
  `miecznik` bigint(40) NOT NULL,
  `lucznik` bigint(40) NOT NULL,
  `kawalerzysta` bigint(40) NOT NULL,
  `lucznikkon` bigint(40) NOT NULL,
  `karabin` bigint(40) NOT NULL,
  `armata` bigint(40) NOT NULL,
  `czolg` bigint(40) NOT NULL,
  `karabinmaszynowy` bigint(40) NOT NULL,
  `mustang` bigint(40) NOT NULL,
  `dzialolot` bigint(40) NOT NULL,
  `F35` bigint(40) NOT NULL,
  `patriot` bigint(40) NOT NULL,
  `northropB2` bigint(40) NOT NULL,
  `tomahawk` bigint(40) NOT NULL,
  `cywile` bigint(40) NOT NULL,
  `morale` int(10) NOT NULL,
  `zywnosc` bigint(40) NOT NULL,
  `drewno` bigint(40) NOT NULL,
  `kamien` bigint(40) NOT NULL,
  `metal` bigint(40) NOT NULL,
  `pieniadze` bigint(40) NOT NULL,
  `czas` bigint(40) NOT NULL,
  `predkosc_zywnosc` bigint(40) NOT NULL,
  `predkosc_drewno` bigint(40) NOT NULL,
  `predkosc_kamien` bigint(40) NOT NULL,
  `predkosc_metal` bigint(40) NOT NULL,
  `predkosc_zl` bigint(40) NOT NULL
) ENGINE=InnoDB DEFAULT CHARSET=utf8mb4 COLLATE=utf8mb4_general_ci;

--
-- Zrzut danych tabeli `wioska`
--

INSERT INTO `wioska` (`id`, `id_uczestnika`, `mecz`, `pozycjax`, `pozycjay`, `ratusz`, `gospodarstwo`, `huta`, `kuznia`, `kamieniolom`, `tartak`, `dom`, `blok`, `uniwersytet`, `kosciol`, `koszary`, `stajnia`, `fabryka`, `lotnisko`, `miecznik`, `lucznik`, `kawalerzysta`, `lucznikkon`, `karabin`, `armata`, `czolg`, `karabinmaszynowy`, `mustang`, `dzialolot`, `F35`, `patriot`, `northropB2`, `tomahawk`, `cywile`, `morale`, `zywnosc`, `drewno`, `kamien`, `metal`, `pieniadze`, `czas`, `predkosc_zywnosc`, `predkosc_drewno`, `predkosc_kamien`, `predkosc_metal`, `predkosc_zl`) VALUES
(1, 1, 1, 1, 1, 0, 1, 1, 1, 1, 1, 1200, 1000000, 1, 1, 1, 1, 1, 1, 0, 0, 0, 0, 0, 0, 25, 0, 30, 0, 25, 0, 0, 0, 20, 1, 33333516138, 4441481246, 5552747354, 545568474755, 198886167620580, 1679000841, 1, 1, 1, 101, 20),
(2, 1, 1, 2, 1, 0, 5, 0, 10, 0, 1, 4, 0, 1, 0, 1, 0, 0, 0, 0, 0, 0, 0, 0, 0, 0, 0, 0, 0, 0, 0, 0, 0, 20, 1, 394691, 205132826, 99880000, 30903812, 810577720, 1679000536, 16, 1, 0, 562, 20),
(3, 2, 1, 3, 1, 0, 0, 0, 0, 0, 0, 0, 0, 0, 0, 0, 0, 0, 0, 0, 0, 0, 0, 0, 0, 0, 0, 0, 0, 0, 0, 0, 0, 20, 1, 0, 0, 0, 0, 0, 1678817669, 0, 0, 0, 0, 20),
(4, 3, 1, 4, 1, 0, 0, 0, 0, 0, 0, 0, 0, 0, 0, 0, 0, 0, 0, 0, 0, 0, 0, 0, 0, 0, 0, 0, 0, 0, 0, 0, 0, 20, 1, 0, 0, 0, 0, 0, 1678817669, 0, 0, 0, 0, 20),
(5, 4, 1, 5, 1, 0, 0, 0, 0, 0, 0, 0, 0, 0, 0, 0, 0, 0, 0, 0, 0, 0, 0, 0, 0, 0, 0, 0, 0, 0, 0, 0, 0, 20, 1, 0, 0, 0, 0, 0, 1678817669, 0, 0, 0, 0, 20),
(6, 5, 1, 6, 1, 0, 0, 0, 0, 0, 0, 0, 0, 0, 0, 0, 0, 0, 0, 0, 0, 0, 0, 0, 0, 0, 0, 0, 0, 0, 0, 0, 0, 20, 1, 0, 0, 0, 0, 0, 1678817669, 0, 0, 0, 0, 20),
(7, 0, 1, 7, 1, 0, 0, 0, 0, 0, 0, 0, 0, 0, 0, 0, 0, 0, 0, 0, 0, 0, 0, 0, 0, 0, 0, 0, 0, 0, 0, 0, 0, 20, 1, 0, 0, 0, 0, 0, 1678817669, 0, 0, 0, 0, 0),
(8, 0, 1, 8, 1, 0, 0, 0, 0, 0, 0, 0, 0, 0, 0, 0, 0, 0, 0, 0, 0, 0, 0, 0, 0, 0, 0, 0, 0, 0, 0, 0, 0, 20, 1, 0, 0, 0, 0, 0, 1678817669, 0, 0, 0, 0, 0),
(9, 0, 1, 9, 1, 0, 0, 0, 0, 0, 0, 0, 0, 0, 0, 0, 0, 0, 0, 0, 0, 0, 0, 0, 0, 0, 0, 0, 0, 0, 0, 0, 0, 20, 1, 0, 0, 0, 0, 0, 1678817669, 0, 0, 0, 0, 0),
(10, 0, 1, 10, 1, 0, 0, 0, 0, 0, 0, 0, 0, 0, 0, 0, 0, 0, 0, 0, 0, 0, 0, 0, 0, 0, 0, 0, 0, 0, 0, 0, 0, 20, 1, 0, 0, 0, 0, 0, 1678817669, 0, 0, 0, 0, 0),
(11, 0, 1, 11, 1, 0, 0, 0, 0, 0, 0, 0, 0, 0, 0, 0, 0, 0, 0, 0, 0, 0, 0, 0, 0, 0, 0, 0, 0, 0, 0, 0, 0, 20, 1, 0, 0, 0, 0, 0, 1678817669, 0, 0, 0, 0, 0),
(12, 0, 1, 12, 1, 0, 0, 0, 0, 0, 0, 0, 0, 0, 0, 0, 0, 0, 0, 0, 0, 0, 0, 0, 0, 0, 0, 0, 0, 0, 0, 0, 0, 20, 1, 0, 0, 0, 0, 0, 1678817669, 0, 0, 0, 0, 0),
(13, 0, 1, 13, 1, 0, 0, 0, 0, 0, 0, 0, 0, 0, 0, 0, 0, 0, 0, 0, 0, 0, 0, 0, 0, 0, 0, 0, 0, 0, 0, 0, 0, 20, 1, 0, 0, 0, 0, 0, 1678817669, 0, 0, 0, 0, 0),
(14, 0, 1, 14, 1, 0, 0, 0, 0, 0, 0, 0, 0, 0, 0, 0, 0, 0, 0, 0, 0, 0, 0, 0, 0, 0, 0, 0, 0, 0, 0, 0, 0, 20, 1, 0, 0, 0, 0, 0, 1678817669, 0, 0, 0, 0, 0),
(15, 0, 1, 15, 1, 0, 0, 0, 0, 0, 0, 0, 0, 0, 0, 0, 0, 0, 0, 0, 0, 0, 0, 0, 0, 0, 0, 0, 0, 0, 0, 0, 0, 20, 1, 0, 0, 0, 0, 0, 1678817669, 0, 0, 0, 0, 0),
(16, 0, 1, 16, 1, 0, 0, 0, 0, 0, 0, 0, 0, 0, 0, 0, 0, 0, 0, 0, 0, 0, 0, 0, 0, 0, 0, 0, 0, 0, 0, 0, 0, 20, 1, 0, 0, 0, 0, 0, 1678817669, 0, 0, 0, 0, 0),
(17, 0, 1, 17, 1, 0, 0, 0, 0, 0, 0, 0, 0, 0, 0, 0, 0, 0, 0, 0, 0, 0, 0, 0, 0, 0, 0, 0, 0, 0, 0, 0, 0, 20, 1, 0, 0, 0, 0, 0, 1678817669, 0, 0, 0, 0, 0),
(18, 0, 1, 18, 1, 0, 0, 0, 0, 0, 0, 0, 0, 0, 0, 0, 0, 0, 0, 0, 0, 0, 0, 0, 0, 0, 0, 0, 0, 0, 0, 0, 0, 20, 1, 0, 0, 0, 0, 0, 1678817669, 0, 0, 0, 0, 0),
(19, 0, 1, 19, 1, 0, 0, 0, 0, 0, 0, 0, 0, 0, 0, 0, 0, 0, 0, 0, 0, 0, 0, 0, 0, 0, 0, 0, 0, 0, 0, 0, 0, 20, 1, 0, 0, 0, 0, 0, 1678817669, 0, 0, 0, 0, 0),
(20, 0, 1, 20, 1, 0, 0, 0, 0, 0, 0, 0, 0, 0, 0, 0, 0, 0, 0, 0, 0, 0, 0, 0, 0, 0, 0, 0, 0, 0, 0, 0, 0, 20, 1, 0, 0, 0, 0, 0, 1678817669, 0, 0, 0, 0, 0),
(21, 1, 1, 1, 2, 0, 0, 0, 0, 0, 0, 0, 0, 0, 0, 0, 0, 0, 0, 0, 0, 0, 0, 0, 0, 0, 0, 0, 0, 0, 0, 0, 0, 20, 1, 740, 0, 0, 0, 3920, 1678903586, 0, 0, 0, 0, 20),
(22, 1, 1, 2, 2, 0, 0, 0, 0, 0, 0, 0, 0, 0, 0, 0, 0, 0, 0, 0, 0, 0, 0, 0, 0, 0, 0, 0, 0, 0, 0, 0, 0, 20, 1, 0, 0, 0, 0, 40, 1678903470, 0, 0, 0, 0, 20),
(23, 0, 1, 3, 2, 0, 0, 0, 0, 0, 0, 0, 0, 0, 0, 0, 0, 0, 0, 0, 0, 0, 0, 0, 0, 0, 0, 0, 0, 0, 0, 0, 0, 20, 1, 0, 0, 0, 0, 0, 1678817669, 0, 0, 0, 0, 0),
(24, 0, 1, 4, 2, 0, 0, 0, 0, 0, 0, 0, 0, 0, 0, 0, 0, 0, 0, 0, 0, 0, 0, 0, 0, 0, 0, 0, 0, 0, 0, 0, 0, 20, 1, 0, 0, 0, 0, 0, 1678817669, 0, 0, 0, 0, 0),
(25, 0, 1, 5, 2, 0, 0, 0, 0, 0, 0, 0, 0, 0, 0, 0, 0, 0, 0, 0, 0, 0, 0, 0, 0, 0, 0, 0, 0, 0, 0, 0, 0, 20, 1, 0, 0, 0, 0, 0, 1678817669, 0, 0, 0, 0, 0),
(26, 0, 1, 6, 2, 0, 0, 0, 0, 0, 0, 0, 0, 0, 0, 0, 0, 0, 0, 0, 0, 0, 0, 0, 0, 0, 0, 0, 0, 0, 0, 0, 0, 20, 1, 0, 0, 0, 0, 0, 1678817669, 0, 0, 0, 0, 0),
(27, 0, 1, 7, 2, 0, 0, 0, 0, 0, 0, 0, 0, 0, 0, 0, 0, 0, 0, 0, 0, 0, 0, 0, 0, 0, 0, 0, 0, 0, 0, 0, 0, 20, 1, 0, 0, 0, 0, 0, 1678817669, 0, 0, 0, 0, 0),
(28, 0, 1, 8, 2, 0, 0, 0, 0, 0, 0, 0, 0, 0, 0, 0, 0, 0, 0, 0, 0, 0, 0, 0, 0, 0, 0, 0, 0, 0, 0, 0, 0, 20, 1, 0, 0, 0, 0, 0, 1678817669, 0, 0, 0, 0, 0),
(29, 0, 1, 9, 2, 0, 0, 0, 0, 0, 0, 0, 0, 0, 0, 0, 0, 0, 0, 0, 0, 0, 0, 0, 0, 0, 0, 0, 0, 0, 0, 0, 0, 20, 1, 0, 0, 0, 0, 0, 1678817669, 0, 0, 0, 0, 0),
(30, 0, 1, 10, 2, 0, 0, 0, 0, 0, 0, 0, 0, 0, 0, 0, 0, 0, 0, 0, 0, 0, 0, 0, 0, 0, 0, 0, 0, 0, 0, 0, 0, 20, 1, 0, 0, 0, 0, 0, 1678817669, 0, 0, 0, 0, 0),
(31, 0, 1, 11, 2, 0, 0, 0, 0, 0, 0, 0, 0, 0, 0, 0, 0, 0, 0, 0, 0, 0, 0, 0, 0, 0, 0, 0, 0, 0, 0, 0, 0, 20, 1, 0, 0, 0, 0, 0, 1678817669, 0, 0, 0, 0, 0),
(32, 0, 1, 12, 2, 0, 0, 0, 0, 0, 0, 0, 0, 0, 0, 0, 0, 0, 0, 0, 0, 0, 0, 0, 0, 0, 0, 0, 0, 0, 0, 0, 0, 20, 1, 0, 0, 0, 0, 0, 1678817669, 0, 0, 0, 0, 0),
(33, 0, 1, 13, 2, 0, 0, 0, 0, 0, 0, 0, 0, 0, 0, 0, 0, 0, 0, 0, 0, 0, 0, 0, 0, 0, 0, 0, 0, 0, 0, 0, 0, 20, 1, 0, 0, 0, 0, 0, 1678817669, 0, 0, 0, 0, 0),
(34, 0, 1, 14, 2, 0, 0, 0, 0, 0, 0, 0, 0, 0, 0, 0, 0, 0, 0, 0, 0, 0, 0, 0, 0, 0, 0, 0, 0, 0, 0, 0, 0, 20, 1, 0, 0, 0, 0, 0, 1678817669, 0, 0, 0, 0, 0),
(35, 0, 1, 15, 2, 0, 0, 0, 0, 0, 0, 0, 0, 0, 0, 0, 0, 0, 0, 0, 0, 0, 0, 0, 0, 0, 0, 0, 0, 0, 0, 0, 0, 20, 1, 0, 0, 0, 0, 0, 1678817669, 0, 0, 0, 0, 0),
(36, 0, 1, 16, 2, 0, 0, 0, 0, 0, 0, 0, 0, 0, 0, 0, 0, 0, 0, 0, 0, 0, 0, 0, 0, 0, 0, 0, 0, 0, 0, 0, 0, 20, 1, 0, 0, 0, 0, 0, 1678817669, 0, 0, 0, 0, 0),
(37, 0, 1, 17, 2, 0, 0, 0, 0, 0, 0, 0, 0, 0, 0, 0, 0, 0, 0, 0, 0, 0, 0, 0, 0, 0, 0, 0, 0, 0, 0, 0, 0, 20, 1, 0, 0, 0, 0, 0, 1678817669, 0, 0, 0, 0, 0),
(38, 0, 1, 18, 2, 0, 0, 0, 0, 0, 0, 0, 0, 0, 0, 0, 0, 0, 0, 0, 0, 0, 0, 0, 0, 0, 0, 0, 0, 0, 0, 0, 0, 20, 1, 0, 0, 0, 0, 0, 1678817669, 0, 0, 0, 0, 0),
(39, 0, 1, 19, 2, 0, 0, 0, 0, 0, 0, 0, 0, 0, 0, 0, 0, 0, 0, 0, 0, 0, 0, 0, 0, 0, 0, 0, 0, 0, 0, 0, 0, 20, 1, 0, 0, 0, 0, 0, 1678817669, 0, 0, 0, 0, 0),
(40, 0, 1, 20, 2, 0, 0, 0, 0, 0, 0, 0, 0, 0, 0, 0, 0, 0, 0, 0, 0, 0, 0, 0, 0, 0, 0, 0, 0, 0, 0, 0, 0, 20, 1, 0, 0, 0, 0, 0, 1678817669, 0, 0, 0, 0, 0),
(41, 0, 1, 1, 3, 0, 0, 0, 0, 0, 0, 0, 0, 0, 0, 0, 0, 0, 0, 0, 0, 0, 0, 0, 0, 0, 0, 0, 0, 0, 0, 0, 0, 20, 1, 0, 0, 0, 0, 0, 1678817669, 0, 0, 0, 0, 0),
(42, 0, 1, 2, 3, 0, 0, 0, 0, 0, 0, 0, 0, 0, 0, 0, 0, 0, 0, 0, 0, 0, 0, 0, 0, 0, 0, 0, 0, 0, 0, 0, 0, 20, 1, 0, 0, 0, 0, 0, 1678817669, 0, 0, 0, 0, 0),
(43, 0, 1, 3, 3, 0, 0, 0, 0, 0, 0, 0, 0, 0, 0, 0, 0, 0, 0, 0, 0, 0, 0, 0, 0, 0, 0, 0, 0, 0, 0, 0, 0, 20, 1, 0, 0, 0, 0, 0, 1678817669, 0, 0, 0, 0, 0),
(44, 0, 1, 4, 3, 0, 0, 0, 0, 0, 0, 0, 0, 0, 0, 0, 0, 0, 0, 0, 0, 0, 0, 0, 0, 0, 0, 0, 0, 0, 0, 0, 0, 20, 1, 0, 0, 0, 0, 0, 1678817669, 0, 0, 0, 0, 0),
(45, 0, 1, 5, 3, 0, 0, 0, 0, 0, 0, 0, 0, 0, 0, 0, 0, 0, 0, 0, 0, 0, 0, 0, 0, 0, 0, 0, 0, 0, 0, 0, 0, 20, 1, 0, 0, 0, 0, 0, 1678817669, 0, 0, 0, 0, 0),
(46, 0, 1, 6, 3, 0, 0, 0, 0, 0, 0, 0, 0, 0, 0, 0, 0, 0, 0, 0, 0, 0, 0, 0, 0, 0, 0, 0, 0, 0, 0, 0, 0, 20, 1, 0, 0, 0, 0, 0, 1678817669, 0, 0, 0, 0, 0),
(47, 0, 1, 7, 3, 0, 0, 0, 0, 0, 0, 0, 0, 0, 0, 0, 0, 0, 0, 0, 0, 0, 0, 0, 0, 0, 0, 0, 0, 0, 0, 0, 0, 20, 1, 0, 0, 0, 0, 0, 1678817669, 0, 0, 0, 0, 0),
(48, 0, 1, 8, 3, 0, 0, 0, 0, 0, 0, 0, 0, 0, 0, 0, 0, 0, 0, 0, 0, 0, 0, 0, 0, 0, 0, 0, 0, 0, 0, 0, 0, 20, 1, 0, 0, 0, 0, 0, 1678817669, 0, 0, 0, 0, 0),
(49, 0, 1, 9, 3, 0, 0, 0, 0, 0, 0, 0, 0, 0, 0, 0, 0, 0, 0, 0, 0, 0, 0, 0, 0, 0, 0, 0, 0, 0, 0, 0, 0, 20, 1, 0, 0, 0, 0, 0, 1678817669, 0, 0, 0, 0, 0),
(50, 0, 1, 10, 3, 0, 0, 0, 0, 0, 0, 0, 0, 0, 0, 0, 0, 0, 0, 0, 0, 0, 0, 0, 0, 0, 0, 0, 0, 0, 0, 0, 0, 20, 1, 0, 0, 0, 0, 0, 1678817669, 0, 0, 0, 0, 0),
(51, 0, 1, 11, 3, 0, 0, 0, 0, 0, 0, 0, 0, 0, 0, 0, 0, 0, 0, 0, 0, 0, 0, 0, 0, 0, 0, 0, 0, 0, 0, 0, 0, 20, 1, 0, 0, 0, 0, 0, 1678817669, 0, 0, 0, 0, 0),
(52, 0, 1, 12, 3, 0, 0, 0, 0, 0, 0, 0, 0, 0, 0, 0, 0, 0, 0, 0, 0, 0, 0, 0, 0, 0, 0, 0, 0, 0, 0, 0, 0, 20, 1, 0, 0, 0, 0, 0, 1678817669, 0, 0, 0, 0, 0),
(53, 0, 1, 13, 3, 0, 0, 0, 0, 0, 0, 0, 0, 0, 0, 0, 0, 0, 0, 0, 0, 0, 0, 0, 0, 0, 0, 0, 0, 0, 0, 0, 0, 20, 1, 0, 0, 0, 0, 0, 1678817669, 0, 0, 0, 0, 0),
(54, 0, 1, 14, 3, 0, 0, 0, 0, 0, 0, 0, 0, 0, 0, 0, 0, 0, 0, 0, 0, 0, 0, 0, 0, 0, 0, 0, 0, 0, 0, 0, 0, 20, 1, 0, 0, 0, 0, 0, 1678817669, 0, 0, 0, 0, 0),
(55, 0, 1, 15, 3, 0, 0, 0, 0, 0, 0, 0, 0, 0, 0, 0, 0, 0, 0, 0, 0, 0, 0, 0, 0, 0, 0, 0, 0, 0, 0, 0, 0, 20, 1, 0, 0, 0, 0, 0, 1678817669, 0, 0, 0, 0, 0),
(56, 0, 1, 16, 3, 0, 0, 0, 0, 0, 0, 0, 0, 0, 0, 0, 0, 0, 0, 0, 0, 0, 0, 0, 0, 0, 0, 0, 0, 0, 0, 0, 0, 20, 1, 0, 0, 0, 0, 0, 1678817669, 0, 0, 0, 0, 0),
(57, 0, 1, 17, 3, 0, 0, 0, 0, 0, 0, 0, 0, 0, 0, 0, 0, 0, 0, 0, 0, 0, 0, 0, 0, 0, 0, 0, 0, 0, 0, 0, 0, 20, 1, 0, 0, 0, 0, 0, 1678817669, 0, 0, 0, 0, 0),
(58, 0, 1, 18, 3, 0, 0, 0, 0, 0, 0, 0, 0, 0, 0, 0, 0, 0, 0, 0, 0, 0, 0, 0, 0, 0, 0, 0, 0, 0, 0, 0, 0, 20, 1, 0, 0, 0, 0, 0, 1678817669, 0, 0, 0, 0, 0),
(59, 0, 1, 19, 3, 0, 0, 0, 0, 0, 0, 0, 0, 0, 0, 0, 0, 0, 0, 0, 0, 0, 0, 0, 0, 0, 0, 0, 0, 0, 0, 0, 0, 20, 1, 0, 0, 0, 0, 0, 1678817669, 0, 0, 0, 0, 0),
(60, 0, 1, 20, 3, 0, 0, 0, 0, 0, 0, 0, 0, 0, 0, 0, 0, 0, 0, 0, 0, 0, 0, 0, 0, 0, 0, 0, 0, 0, 0, 0, 0, 20, 1, 0, 0, 0, 0, 0, 1678817669, 0, 0, 0, 0, 0),
(61, 0, 1, 1, 4, 0, 0, 0, 0, 0, 0, 0, 0, 0, 0, 0, 0, 0, 0, 0, 0, 0, 0, 0, 0, 0, 0, 0, 0, 0, 0, 0, 0, 20, 1, 0, 0, 0, 0, 0, 1678817669, 0, 0, 0, 0, 0),
(62, 0, 1, 2, 4, 0, 0, 0, 0, 0, 0, 0, 0, 0, 0, 0, 0, 0, 0, 0, 0, 0, 0, 0, 0, 0, 0, 0, 0, 0, 0, 0, 0, 20, 1, 0, 0, 0, 0, 0, 1678817669, 0, 0, 0, 0, 0),
(63, 0, 1, 3, 4, 0, 0, 0, 0, 0, 0, 0, 0, 0, 0, 0, 0, 0, 0, 0, 0, 0, 0, 0, 0, 0, 0, 0, 0, 0, 0, 0, 0, 20, 1, 0, 0, 0, 0, 0, 1678817669, 0, 0, 0, 0, 0),
(64, 0, 1, 4, 4, 0, 0, 0, 0, 0, 0, 0, 0, 0, 0, 0, 0, 0, 0, 0, 0, 0, 0, 0, 0, 0, 0, 0, 0, 0, 0, 0, 0, 20, 1, 0, 0, 0, 0, 0, 1678817669, 0, 0, 0, 0, 0),
(65, 0, 1, 5, 4, 0, 0, 0, 0, 0, 0, 0, 0, 0, 0, 0, 0, 0, 0, 0, 0, 0, 0, 0, 0, 0, 0, 0, 0, 0, 0, 0, 0, 20, 1, 0, 0, 0, 0, 0, 1678817669, 0, 0, 0, 0, 0),
(66, 0, 1, 6, 4, 0, 0, 0, 0, 0, 0, 0, 0, 0, 0, 0, 0, 0, 0, 0, 0, 0, 0, 0, 0, 0, 0, 0, 0, 0, 0, 0, 0, 20, 1, 0, 0, 0, 0, 0, 1678817669, 0, 0, 0, 0, 0),
(67, 0, 1, 7, 4, 0, 0, 0, 0, 0, 0, 0, 0, 0, 0, 0, 0, 0, 0, 0, 0, 0, 0, 0, 0, 0, 0, 0, 0, 0, 0, 0, 0, 20, 1, 0, 0, 0, 0, 0, 1678817669, 0, 0, 0, 0, 0),
(68, 0, 1, 8, 4, 0, 0, 0, 0, 0, 0, 0, 0, 0, 0, 0, 0, 0, 0, 0, 0, 0, 0, 0, 0, 0, 0, 0, 0, 0, 0, 0, 0, 20, 1, 0, 0, 0, 0, 0, 1678817669, 0, 0, 0, 0, 0),
(69, 0, 1, 9, 4, 0, 0, 0, 0, 0, 0, 0, 0, 0, 0, 0, 0, 0, 0, 0, 0, 0, 0, 0, 0, 0, 0, 0, 0, 0, 0, 0, 0, 20, 1, 0, 0, 0, 0, 0, 1678817669, 0, 0, 0, 0, 0),
(70, 0, 1, 10, 4, 0, 0, 0, 0, 0, 0, 0, 0, 0, 0, 0, 0, 0, 0, 0, 0, 0, 0, 0, 0, 0, 0, 0, 0, 0, 0, 0, 0, 20, 1, 0, 0, 0, 0, 0, 1678817669, 0, 0, 0, 0, 0),
(71, 0, 1, 11, 4, 0, 0, 0, 0, 0, 0, 0, 0, 0, 0, 0, 0, 0, 0, 0, 0, 0, 0, 0, 0, 0, 0, 0, 0, 0, 0, 0, 0, 20, 1, 0, 0, 0, 0, 0, 1678817669, 0, 0, 0, 0, 0),
(72, 0, 1, 12, 4, 0, 0, 0, 0, 0, 0, 0, 0, 0, 0, 0, 0, 0, 0, 0, 0, 0, 0, 0, 0, 0, 0, 0, 0, 0, 0, 0, 0, 20, 1, 0, 0, 0, 0, 0, 1678817669, 0, 0, 0, 0, 0),
(73, 0, 1, 13, 4, 0, 0, 0, 0, 0, 0, 0, 0, 0, 0, 0, 0, 0, 0, 0, 0, 0, 0, 0, 0, 0, 0, 0, 0, 0, 0, 0, 0, 20, 1, 0, 0, 0, 0, 0, 1678817669, 0, 0, 0, 0, 0),
(74, 0, 1, 14, 4, 0, 0, 0, 0, 0, 0, 0, 0, 0, 0, 0, 0, 0, 0, 0, 0, 0, 0, 0, 0, 0, 0, 0, 0, 0, 0, 0, 0, 20, 1, 0, 0, 0, 0, 0, 1678817669, 0, 0, 0, 0, 0),
(75, 0, 1, 15, 4, 0, 0, 0, 0, 0, 0, 0, 0, 0, 0, 0, 0, 0, 0, 0, 0, 0, 0, 0, 0, 0, 0, 0, 0, 0, 0, 0, 0, 20, 1, 0, 0, 0, 0, 0, 1678817669, 0, 0, 0, 0, 0),
(76, 0, 1, 16, 4, 0, 0, 0, 0, 0, 0, 0, 0, 0, 0, 0, 0, 0, 0, 0, 0, 0, 0, 0, 0, 0, 0, 0, 0, 0, 0, 0, 0, 20, 1, 0, 0, 0, 0, 0, 1678817669, 0, 0, 0, 0, 0),
(77, 0, 1, 17, 4, 0, 0, 0, 0, 0, 0, 0, 0, 0, 0, 0, 0, 0, 0, 0, 0, 0, 0, 0, 0, 0, 0, 0, 0, 0, 0, 0, 0, 20, 1, 0, 0, 0, 0, 0, 1678817669, 0, 0, 0, 0, 0),
(78, 0, 1, 18, 4, 0, 0, 0, 0, 0, 0, 0, 0, 0, 0, 0, 0, 0, 0, 0, 0, 0, 0, 0, 0, 0, 0, 0, 0, 0, 0, 0, 0, 20, 1, 0, 0, 0, 0, 0, 1678817669, 0, 0, 0, 0, 0),
(79, 0, 1, 19, 4, 0, 0, 0, 0, 0, 0, 0, 0, 0, 0, 0, 0, 0, 0, 0, 0, 0, 0, 0, 0, 0, 0, 0, 0, 0, 0, 0, 0, 20, 1, 0, 0, 0, 0, 0, 1678817669, 0, 0, 0, 0, 0),
(80, 0, 1, 20, 4, 0, 0, 0, 0, 0, 0, 0, 0, 0, 0, 0, 0, 0, 0, 0, 0, 0, 0, 0, 0, 0, 0, 0, 0, 0, 0, 0, 0, 20, 1, 0, 0, 0, 0, 0, 1678817669, 0, 0, 0, 0, 0),
(81, 0, 1, 1, 5, 0, 0, 0, 0, 0, 0, 0, 0, 0, 0, 0, 0, 0, 0, 0, 0, 0, 0, 0, 0, 0, 0, 0, 0, 0, 0, 0, 0, 20, 1, 0, 0, 0, 0, 0, 1678817669, 0, 0, 0, 0, 0),
(82, 0, 1, 2, 5, 0, 0, 0, 0, 0, 0, 0, 0, 0, 0, 0, 0, 0, 0, 0, 0, 0, 0, 0, 0, 0, 0, 0, 0, 0, 0, 0, 0, 20, 1, 0, 0, 0, 0, 0, 1678817669, 0, 0, 0, 0, 0),
(83, 0, 1, 3, 5, 0, 0, 0, 0, 0, 0, 0, 0, 0, 0, 0, 0, 0, 0, 0, 0, 0, 0, 0, 0, 0, 0, 0, 0, 0, 0, 0, 0, 20, 1, 0, 0, 0, 0, 0, 1678817669, 0, 0, 0, 0, 0),
(84, 0, 1, 4, 5, 0, 0, 0, 0, 0, 0, 0, 0, 0, 0, 0, 0, 0, 0, 0, 0, 0, 0, 0, 0, 0, 0, 0, 0, 0, 0, 0, 0, 20, 1, 0, 0, 0, 0, 0, 1678817669, 0, 0, 0, 0, 0),
(85, 0, 1, 5, 5, 0, 0, 0, 0, 0, 0, 0, 0, 0, 0, 0, 0, 0, 0, 0, 0, 0, 0, 0, 0, 0, 0, 0, 0, 0, 0, 0, 0, 20, 1, 0, 0, 0, 0, 0, 1678817669, 0, 0, 0, 0, 0),
(86, 0, 1, 6, 5, 0, 0, 0, 0, 0, 0, 0, 0, 0, 0, 0, 0, 0, 0, 0, 0, 0, 0, 0, 0, 0, 0, 0, 0, 0, 0, 0, 0, 20, 1, 0, 0, 0, 0, 0, 1678817669, 0, 0, 0, 0, 0),
(87, 0, 1, 7, 5, 0, 0, 0, 0, 0, 0, 0, 0, 0, 0, 0, 0, 0, 0, 0, 0, 0, 0, 0, 0, 0, 0, 0, 0, 0, 0, 0, 0, 20, 1, 0, 0, 0, 0, 0, 1678817669, 0, 0, 0, 0, 0),
(88, 0, 1, 8, 5, 0, 0, 0, 0, 0, 0, 0, 0, 0, 0, 0, 0, 0, 0, 0, 0, 0, 0, 0, 0, 0, 0, 0, 0, 0, 0, 0, 0, 20, 1, 0, 0, 0, 0, 0, 1678817669, 0, 0, 0, 0, 0),
(89, 0, 1, 9, 5, 0, 0, 0, 0, 0, 0, 0, 0, 0, 0, 0, 0, 0, 0, 0, 0, 0, 0, 0, 0, 0, 0, 0, 0, 0, 0, 0, 0, 20, 1, 0, 0, 0, 0, 0, 1678817669, 0, 0, 0, 0, 0),
(90, 0, 1, 10, 5, 0, 0, 0, 0, 0, 0, 0, 0, 0, 0, 0, 0, 0, 0, 0, 0, 0, 0, 0, 0, 0, 0, 0, 0, 0, 0, 0, 0, 20, 1, 0, 0, 0, 0, 0, 1678817669, 0, 0, 0, 0, 0),
(91, 0, 1, 11, 5, 0, 0, 0, 0, 0, 0, 0, 0, 0, 0, 0, 0, 0, 0, 0, 0, 0, 0, 0, 0, 0, 0, 0, 0, 0, 0, 0, 0, 20, 1, 0, 0, 0, 0, 0, 1678817669, 0, 0, 0, 0, 0),
(92, 0, 1, 12, 5, 0, 0, 0, 0, 0, 0, 0, 0, 0, 0, 0, 0, 0, 0, 0, 0, 0, 0, 0, 0, 0, 0, 0, 0, 0, 0, 0, 0, 20, 1, 0, 0, 0, 0, 0, 1678817669, 0, 0, 0, 0, 0),
(93, 0, 1, 13, 5, 0, 0, 0, 0, 0, 0, 0, 0, 0, 0, 0, 0, 0, 0, 0, 0, 0, 0, 0, 0, 0, 0, 0, 0, 0, 0, 0, 0, 20, 1, 0, 0, 0, 0, 0, 1678817669, 0, 0, 0, 0, 0),
(94, 0, 1, 14, 5, 0, 0, 0, 0, 0, 0, 0, 0, 0, 0, 0, 0, 0, 0, 0, 0, 0, 0, 0, 0, 0, 0, 0, 0, 0, 0, 0, 0, 20, 1, 0, 0, 0, 0, 0, 1678817669, 0, 0, 0, 0, 0),
(95, 0, 1, 15, 5, 0, 0, 0, 0, 0, 0, 0, 0, 0, 0, 0, 0, 0, 0, 0, 0, 0, 0, 0, 0, 0, 0, 0, 0, 0, 0, 0, 0, 20, 1, 0, 0, 0, 0, 0, 1678817669, 0, 0, 0, 0, 0),
(96, 0, 1, 16, 5, 0, 0, 0, 0, 0, 0, 0, 0, 0, 0, 0, 0, 0, 0, 0, 0, 0, 0, 0, 0, 0, 0, 0, 0, 0, 0, 0, 0, 20, 1, 0, 0, 0, 0, 0, 1678817669, 0, 0, 0, 0, 0),
(97, 0, 1, 17, 5, 0, 0, 0, 0, 0, 0, 0, 0, 0, 0, 0, 0, 0, 0, 0, 0, 0, 0, 0, 0, 0, 0, 0, 0, 0, 0, 0, 0, 20, 1, 0, 0, 0, 0, 0, 1678817669, 0, 0, 0, 0, 0),
(98, 0, 1, 18, 5, 0, 0, 0, 0, 0, 0, 0, 0, 0, 0, 0, 0, 0, 0, 0, 0, 0, 0, 0, 0, 0, 0, 0, 0, 0, 0, 0, 0, 20, 1, 0, 0, 0, 0, 0, 1678817669, 0, 0, 0, 0, 0),
(99, 0, 1, 19, 5, 0, 0, 0, 0, 0, 0, 0, 0, 0, 0, 0, 0, 0, 0, 0, 0, 0, 0, 0, 0, 0, 0, 0, 0, 0, 0, 0, 0, 20, 1, 0, 0, 0, 0, 0, 1678817669, 0, 0, 0, 0, 0),
(100, 0, 1, 20, 5, 0, 0, 0, 0, 0, 0, 0, 0, 0, 0, 0, 0, 0, 0, 0, 0, 0, 0, 0, 0, 0, 0, 0, 0, 0, 0, 0, 0, 20, 1, 0, 0, 0, 0, 0, 1678817669, 0, 0, 0, 0, 0),
(101, 0, 1, 1, 6, 0, 0, 0, 0, 0, 0, 0, 0, 0, 0, 0, 0, 0, 0, 0, 0, 0, 0, 0, 0, 0, 0, 0, 0, 0, 0, 0, 0, 20, 1, 0, 0, 0, 0, 0, 1678817669, 0, 0, 0, 0, 0),
(102, 0, 1, 2, 6, 0, 0, 0, 0, 0, 0, 0, 0, 0, 0, 0, 0, 0, 0, 0, 0, 0, 0, 0, 0, 0, 0, 0, 0, 0, 0, 0, 0, 20, 1, 0, 0, 0, 0, 0, 1678817669, 0, 0, 0, 0, 0),
(103, 0, 1, 3, 6, 0, 0, 0, 0, 0, 0, 0, 0, 0, 0, 0, 0, 0, 0, 0, 0, 0, 0, 0, 0, 0, 0, 0, 0, 0, 0, 0, 0, 20, 1, 0, 0, 0, 0, 0, 1678817669, 0, 0, 0, 0, 0),
(104, 0, 1, 4, 6, 0, 0, 0, 0, 0, 0, 0, 0, 0, 0, 0, 0, 0, 0, 0, 0, 0, 0, 0, 0, 0, 0, 0, 0, 0, 0, 0, 0, 20, 1, 0, 0, 0, 0, 0, 1678817669, 0, 0, 0, 0, 0),
(105, 0, 1, 5, 6, 0, 0, 0, 0, 0, 0, 0, 0, 0, 0, 0, 0, 0, 0, 0, 0, 0, 0, 0, 0, 0, 0, 0, 0, 0, 0, 0, 0, 20, 1, 0, 0, 0, 0, 0, 1678817669, 0, 0, 0, 0, 0),
(106, 0, 1, 6, 6, 0, 0, 0, 0, 0, 0, 0, 0, 0, 0, 0, 0, 0, 0, 0, 0, 0, 0, 0, 0, 0, 0, 0, 0, 0, 0, 0, 0, 20, 1, 0, 0, 0, 0, 0, 1678817669, 0, 0, 0, 0, 0),
(107, 0, 1, 7, 6, 0, 0, 0, 0, 0, 0, 0, 0, 0, 0, 0, 0, 0, 0, 0, 0, 0, 0, 0, 0, 0, 0, 0, 0, 0, 0, 0, 0, 20, 1, 0, 0, 0, 0, 0, 1678817669, 0, 0, 0, 0, 0),
(108, 0, 1, 8, 6, 0, 0, 0, 0, 0, 0, 0, 0, 0, 0, 0, 0, 0, 0, 0, 0, 0, 0, 0, 0, 0, 0, 0, 0, 0, 0, 0, 0, 20, 1, 0, 0, 0, 0, 0, 1678817669, 0, 0, 0, 0, 0),
(109, 0, 1, 9, 6, 0, 0, 0, 0, 0, 0, 0, 0, 0, 0, 0, 0, 0, 0, 0, 0, 0, 0, 0, 0, 0, 0, 0, 0, 0, 0, 0, 0, 20, 1, 0, 0, 0, 0, 0, 1678817669, 0, 0, 0, 0, 0),
(110, 0, 1, 10, 6, 0, 0, 0, 0, 0, 0, 0, 0, 0, 0, 0, 0, 0, 0, 0, 0, 0, 0, 0, 0, 0, 0, 0, 0, 0, 0, 0, 0, 20, 1, 0, 0, 0, 0, 0, 1678817669, 0, 0, 0, 0, 0),
(111, 0, 1, 11, 6, 0, 0, 0, 0, 0, 0, 0, 0, 0, 0, 0, 0, 0, 0, 0, 0, 0, 0, 0, 0, 0, 0, 0, 0, 0, 0, 0, 0, 20, 1, 0, 0, 0, 0, 0, 1678817669, 0, 0, 0, 0, 0),
(112, 0, 1, 12, 6, 0, 0, 0, 0, 0, 0, 0, 0, 0, 0, 0, 0, 0, 0, 0, 0, 0, 0, 0, 0, 0, 0, 0, 0, 0, 0, 0, 0, 20, 1, 0, 0, 0, 0, 0, 1678817669, 0, 0, 0, 0, 0),
(113, 0, 1, 13, 6, 0, 0, 0, 0, 0, 0, 0, 0, 0, 0, 0, 0, 0, 0, 0, 0, 0, 0, 0, 0, 0, 0, 0, 0, 0, 0, 0, 0, 20, 1, 0, 0, 0, 0, 0, 1678817669, 0, 0, 0, 0, 0),
(114, 0, 1, 14, 6, 0, 0, 0, 0, 0, 0, 0, 0, 0, 0, 0, 0, 0, 0, 0, 0, 0, 0, 0, 0, 0, 0, 0, 0, 0, 0, 0, 0, 20, 1, 0, 0, 0, 0, 0, 1678817669, 0, 0, 0, 0, 0),
(115, 0, 1, 15, 6, 0, 0, 0, 0, 0, 0, 0, 0, 0, 0, 0, 0, 0, 0, 0, 0, 0, 0, 0, 0, 0, 0, 0, 0, 0, 0, 0, 0, 20, 1, 0, 0, 0, 0, 0, 1678817669, 0, 0, 0, 0, 0),
(116, 0, 1, 16, 6, 0, 0, 0, 0, 0, 0, 0, 0, 0, 0, 0, 0, 0, 0, 0, 0, 0, 0, 0, 0, 0, 0, 0, 0, 0, 0, 0, 0, 20, 1, 0, 0, 0, 0, 0, 1678817669, 0, 0, 0, 0, 0),
(117, 0, 1, 17, 6, 0, 0, 0, 0, 0, 0, 0, 0, 0, 0, 0, 0, 0, 0, 0, 0, 0, 0, 0, 0, 0, 0, 0, 0, 0, 0, 0, 0, 20, 1, 0, 0, 0, 0, 0, 1678817669, 0, 0, 0, 0, 0),
(118, 0, 1, 18, 6, 0, 0, 0, 0, 0, 0, 0, 0, 0, 0, 0, 0, 0, 0, 0, 0, 0, 0, 0, 0, 0, 0, 0, 0, 0, 0, 0, 0, 20, 1, 0, 0, 0, 0, 0, 1678817669, 0, 0, 0, 0, 0),
(119, 0, 1, 19, 6, 0, 0, 0, 0, 0, 0, 0, 0, 0, 0, 0, 0, 0, 0, 0, 0, 0, 0, 0, 0, 0, 0, 0, 0, 0, 0, 0, 0, 20, 1, 0, 0, 0, 0, 0, 1678817669, 0, 0, 0, 0, 0),
(120, 0, 1, 20, 6, 0, 0, 0, 0, 0, 0, 0, 0, 0, 0, 0, 0, 0, 0, 0, 0, 0, 0, 0, 0, 0, 0, 0, 0, 0, 0, 0, 0, 20, 1, 0, 0, 0, 0, 0, 1678817669, 0, 0, 0, 0, 0),
(121, 0, 1, 1, 7, 0, 0, 0, 0, 0, 0, 0, 0, 0, 0, 0, 0, 0, 0, 0, 0, 0, 0, 0, 0, 0, 0, 0, 0, 0, 0, 0, 0, 20, 1, 0, 0, 0, 0, 0, 1678817669, 0, 0, 0, 0, 0),
(122, 0, 1, 2, 7, 0, 0, 0, 0, 0, 0, 0, 0, 0, 0, 0, 0, 0, 0, 0, 0, 0, 0, 0, 0, 0, 0, 0, 0, 0, 0, 0, 0, 20, 1, 0, 0, 0, 0, 0, 1678817669, 0, 0, 0, 0, 0),
(123, 0, 1, 3, 7, 0, 0, 0, 0, 0, 0, 0, 0, 0, 0, 0, 0, 0, 0, 0, 0, 0, 0, 0, 0, 0, 0, 0, 0, 0, 0, 0, 0, 20, 1, 0, 0, 0, 0, 0, 1678817669, 0, 0, 0, 0, 0),
(124, 0, 1, 4, 7, 0, 0, 0, 0, 0, 0, 0, 0, 0, 0, 0, 0, 0, 0, 0, 0, 0, 0, 0, 0, 0, 0, 0, 0, 0, 0, 0, 0, 20, 1, 0, 0, 0, 0, 0, 1678817669, 0, 0, 0, 0, 0),
(125, 0, 1, 5, 7, 0, 0, 0, 0, 0, 0, 0, 0, 0, 0, 0, 0, 0, 0, 0, 0, 0, 0, 0, 0, 0, 0, 0, 0, 0, 0, 0, 0, 20, 1, 0, 0, 0, 0, 0, 1678817669, 0, 0, 0, 0, 0),
(126, 0, 1, 6, 7, 0, 0, 0, 0, 0, 0, 0, 0, 0, 0, 0, 0, 0, 0, 0, 0, 0, 0, 0, 0, 0, 0, 0, 0, 0, 0, 0, 0, 20, 1, 0, 0, 0, 0, 0, 1678817669, 0, 0, 0, 0, 0),
(127, 0, 1, 7, 7, 0, 0, 0, 0, 0, 0, 0, 0, 0, 0, 0, 0, 0, 0, 0, 0, 0, 0, 0, 0, 0, 0, 0, 0, 0, 0, 0, 0, 20, 1, 0, 0, 0, 0, 0, 1678817669, 0, 0, 0, 0, 0),
(128, 0, 1, 8, 7, 0, 0, 0, 0, 0, 0, 0, 0, 0, 0, 0, 0, 0, 0, 0, 0, 0, 0, 0, 0, 0, 0, 0, 0, 0, 0, 0, 0, 20, 1, 0, 0, 0, 0, 0, 1678817669, 0, 0, 0, 0, 0),
(129, 0, 1, 9, 7, 0, 0, 0, 0, 0, 0, 0, 0, 0, 0, 0, 0, 0, 0, 0, 0, 0, 0, 0, 0, 0, 0, 0, 0, 0, 0, 0, 0, 20, 1, 0, 0, 0, 0, 0, 1678817669, 0, 0, 0, 0, 0),
(130, 0, 1, 10, 7, 0, 0, 0, 0, 0, 0, 0, 0, 0, 0, 0, 0, 0, 0, 0, 0, 0, 0, 0, 0, 0, 0, 0, 0, 0, 0, 0, 0, 20, 1, 0, 0, 0, 0, 0, 1678817669, 0, 0, 0, 0, 0),
(131, 0, 1, 11, 7, 0, 0, 0, 0, 0, 0, 0, 0, 0, 0, 0, 0, 0, 0, 0, 0, 0, 0, 0, 0, 0, 0, 0, 0, 0, 0, 0, 0, 20, 1, 0, 0, 0, 0, 0, 1678817669, 0, 0, 0, 0, 0),
(132, 0, 1, 12, 7, 0, 0, 0, 0, 0, 0, 0, 0, 0, 0, 0, 0, 0, 0, 0, 0, 0, 0, 0, 0, 0, 0, 0, 0, 0, 0, 0, 0, 20, 1, 0, 0, 0, 0, 0, 1678817669, 0, 0, 0, 0, 0),
(133, 0, 1, 13, 7, 0, 0, 0, 0, 0, 0, 0, 0, 0, 0, 0, 0, 0, 0, 0, 0, 0, 0, 0, 0, 0, 0, 0, 0, 0, 0, 0, 0, 20, 1, 0, 0, 0, 0, 0, 1678817669, 0, 0, 0, 0, 0),
(134, 0, 1, 14, 7, 0, 0, 0, 0, 0, 0, 0, 0, 0, 0, 0, 0, 0, 0, 0, 0, 0, 0, 0, 0, 0, 0, 0, 0, 0, 0, 0, 0, 20, 1, 0, 0, 0, 0, 0, 1678817669, 0, 0, 0, 0, 0),
(135, 0, 1, 15, 7, 0, 0, 0, 0, 0, 0, 0, 0, 0, 0, 0, 0, 0, 0, 0, 0, 0, 0, 0, 0, 0, 0, 0, 0, 0, 0, 0, 0, 20, 1, 0, 0, 0, 0, 0, 1678817669, 0, 0, 0, 0, 0),
(136, 0, 1, 16, 7, 0, 0, 0, 0, 0, 0, 0, 0, 0, 0, 0, 0, 0, 0, 0, 0, 0, 0, 0, 0, 0, 0, 0, 0, 0, 0, 0, 0, 20, 1, 0, 0, 0, 0, 0, 1678817669, 0, 0, 0, 0, 0),
(137, 0, 1, 17, 7, 0, 0, 0, 0, 0, 0, 0, 0, 0, 0, 0, 0, 0, 0, 0, 0, 0, 0, 0, 0, 0, 0, 0, 0, 0, 0, 0, 0, 20, 1, 0, 0, 0, 0, 0, 1678817669, 0, 0, 0, 0, 0),
(138, 0, 1, 18, 7, 0, 0, 0, 0, 0, 0, 0, 0, 0, 0, 0, 0, 0, 0, 0, 0, 0, 0, 0, 0, 0, 0, 0, 0, 0, 0, 0, 0, 20, 1, 0, 0, 0, 0, 0, 1678817669, 0, 0, 0, 0, 0),
(139, 0, 1, 19, 7, 0, 0, 0, 0, 0, 0, 0, 0, 0, 0, 0, 0, 0, 0, 0, 0, 0, 0, 0, 0, 0, 0, 0, 0, 0, 0, 0, 0, 20, 1, 0, 0, 0, 0, 0, 1678817669, 0, 0, 0, 0, 0),
(140, 0, 1, 20, 7, 0, 0, 0, 0, 0, 0, 0, 0, 0, 0, 0, 0, 0, 0, 0, 0, 0, 0, 0, 0, 0, 0, 0, 0, 0, 0, 0, 0, 20, 1, 0, 0, 0, 0, 0, 1678817669, 0, 0, 0, 0, 0),
(141, 0, 1, 1, 8, 0, 0, 0, 0, 0, 0, 0, 0, 0, 0, 0, 0, 0, 0, 0, 0, 0, 0, 0, 0, 0, 0, 0, 0, 0, 0, 0, 0, 20, 1, 0, 0, 0, 0, 0, 1678817669, 0, 0, 0, 0, 0),
(142, 0, 1, 2, 8, 0, 0, 0, 0, 0, 0, 0, 0, 0, 0, 0, 0, 0, 0, 0, 0, 0, 0, 0, 0, 0, 0, 0, 0, 0, 0, 0, 0, 20, 1, 0, 0, 0, 0, 0, 1678817669, 0, 0, 0, 0, 0),
(143, 0, 1, 3, 8, 0, 0, 0, 0, 0, 0, 0, 0, 0, 0, 0, 0, 0, 0, 0, 0, 0, 0, 0, 0, 0, 0, 0, 0, 0, 0, 0, 0, 20, 1, 0, 0, 0, 0, 0, 1678817669, 0, 0, 0, 0, 0),
(144, 0, 1, 4, 8, 0, 0, 0, 0, 0, 0, 0, 0, 0, 0, 0, 0, 0, 0, 0, 0, 0, 0, 0, 0, 0, 0, 0, 0, 0, 0, 0, 0, 20, 1, 0, 0, 0, 0, 0, 1678817669, 0, 0, 0, 0, 0),
(145, 0, 1, 5, 8, 0, 0, 0, 0, 0, 0, 0, 0, 0, 0, 0, 0, 0, 0, 0, 0, 0, 0, 0, 0, 0, 0, 0, 0, 0, 0, 0, 0, 20, 1, 0, 0, 0, 0, 0, 1678817669, 0, 0, 0, 0, 0),
(146, 0, 1, 6, 8, 0, 0, 0, 0, 0, 0, 0, 0, 0, 0, 0, 0, 0, 0, 0, 0, 0, 0, 0, 0, 0, 0, 0, 0, 0, 0, 0, 0, 20, 1, 0, 0, 0, 0, 0, 1678817669, 0, 0, 0, 0, 0),
(147, 0, 1, 7, 8, 0, 0, 0, 0, 0, 0, 0, 0, 0, 0, 0, 0, 0, 0, 0, 0, 0, 0, 0, 0, 0, 0, 0, 0, 0, 0, 0, 0, 20, 1, 0, 0, 0, 0, 0, 1678817669, 0, 0, 0, 0, 0),
(148, 0, 1, 8, 8, 0, 0, 0, 0, 0, 0, 0, 0, 0, 0, 0, 0, 0, 0, 0, 0, 0, 0, 0, 0, 0, 0, 0, 0, 0, 0, 0, 0, 20, 1, 0, 0, 0, 0, 0, 1678817669, 0, 0, 0, 0, 0),
(149, 0, 1, 9, 8, 0, 0, 0, 0, 0, 0, 0, 0, 0, 0, 0, 0, 0, 0, 0, 0, 0, 0, 0, 0, 0, 0, 0, 0, 0, 0, 0, 0, 20, 1, 0, 0, 0, 0, 0, 1678817669, 0, 0, 0, 0, 0),
(150, 0, 1, 10, 8, 0, 0, 0, 0, 0, 0, 0, 0, 0, 0, 0, 0, 0, 0, 0, 0, 0, 0, 0, 0, 0, 0, 0, 0, 0, 0, 0, 0, 20, 1, 0, 0, 0, 0, 0, 1678817669, 0, 0, 0, 0, 0),
(151, 0, 1, 11, 8, 0, 0, 0, 0, 0, 0, 0, 0, 0, 0, 0, 0, 0, 0, 0, 0, 0, 0, 0, 0, 0, 0, 0, 0, 0, 0, 0, 0, 20, 1, 0, 0, 0, 0, 0, 1678817669, 0, 0, 0, 0, 0),
(152, 0, 1, 12, 8, 0, 0, 0, 0, 0, 0, 0, 0, 0, 0, 0, 0, 0, 0, 0, 0, 0, 0, 0, 0, 0, 0, 0, 0, 0, 0, 0, 0, 20, 1, 0, 0, 0, 0, 0, 1678817669, 0, 0, 0, 0, 0),
(153, 0, 1, 13, 8, 0, 0, 0, 0, 0, 0, 0, 0, 0, 0, 0, 0, 0, 0, 0, 0, 0, 0, 0, 0, 0, 0, 0, 0, 0, 0, 0, 0, 20, 1, 0, 0, 0, 0, 0, 1678817669, 0, 0, 0, 0, 0),
(154, 0, 1, 14, 8, 0, 0, 0, 0, 0, 0, 0, 0, 0, 0, 0, 0, 0, 0, 0, 0, 0, 0, 0, 0, 0, 0, 0, 0, 0, 0, 0, 0, 20, 1, 0, 0, 0, 0, 0, 1678817669, 0, 0, 0, 0, 0),
(155, 0, 1, 15, 8, 0, 0, 0, 0, 0, 0, 0, 0, 0, 0, 0, 0, 0, 0, 0, 0, 0, 0, 0, 0, 0, 0, 0, 0, 0, 0, 0, 0, 20, 1, 0, 0, 0, 0, 0, 1678817669, 0, 0, 0, 0, 0),
(156, 0, 1, 16, 8, 0, 0, 0, 0, 0, 0, 0, 0, 0, 0, 0, 0, 0, 0, 0, 0, 0, 0, 0, 0, 0, 0, 0, 0, 0, 0, 0, 0, 20, 1, 0, 0, 0, 0, 0, 1678817669, 0, 0, 0, 0, 0),
(157, 0, 1, 17, 8, 0, 0, 0, 0, 0, 0, 0, 0, 0, 0, 0, 0, 0, 0, 0, 0, 0, 0, 0, 0, 0, 0, 0, 0, 0, 0, 0, 0, 20, 1, 0, 0, 0, 0, 0, 1678817669, 0, 0, 0, 0, 0),
(158, 0, 1, 18, 8, 0, 0, 0, 0, 0, 0, 0, 0, 0, 0, 0, 0, 0, 0, 0, 0, 0, 0, 0, 0, 0, 0, 0, 0, 0, 0, 0, 0, 20, 1, 0, 0, 0, 0, 0, 1678817669, 0, 0, 0, 0, 0),
(159, 0, 1, 19, 8, 0, 0, 0, 0, 0, 0, 0, 0, 0, 0, 0, 0, 0, 0, 0, 0, 0, 0, 0, 0, 0, 0, 0, 0, 0, 0, 0, 0, 20, 1, 0, 0, 0, 0, 0, 1678817669, 0, 0, 0, 0, 0),
(160, 0, 1, 20, 8, 0, 0, 0, 0, 0, 0, 0, 0, 0, 0, 0, 0, 0, 0, 0, 0, 0, 0, 0, 0, 0, 0, 0, 0, 0, 0, 0, 0, 20, 1, 0, 0, 0, 0, 0, 1678817669, 0, 0, 0, 0, 0),
(161, 0, 1, 1, 9, 0, 0, 0, 0, 0, 0, 0, 0, 0, 0, 0, 0, 0, 0, 0, 0, 0, 0, 0, 0, 0, 0, 0, 0, 0, 0, 0, 0, 20, 1, 0, 0, 0, 0, 0, 1678817669, 0, 0, 0, 0, 0),
(162, 0, 1, 2, 9, 0, 0, 0, 0, 0, 0, 0, 0, 0, 0, 0, 0, 0, 0, 0, 0, 0, 0, 0, 0, 0, 0, 0, 0, 0, 0, 0, 0, 20, 1, 0, 0, 0, 0, 0, 1678817669, 0, 0, 0, 0, 0),
(163, 0, 1, 3, 9, 0, 0, 0, 0, 0, 0, 0, 0, 0, 0, 0, 0, 0, 0, 0, 0, 0, 0, 0, 0, 0, 0, 0, 0, 0, 0, 0, 0, 20, 1, 0, 0, 0, 0, 0, 1678817669, 0, 0, 0, 0, 0),
(164, 0, 1, 4, 9, 0, 0, 0, 0, 0, 0, 0, 0, 0, 0, 0, 0, 0, 0, 0, 0, 0, 0, 0, 0, 0, 0, 0, 0, 0, 0, 0, 0, 20, 1, 0, 0, 0, 0, 0, 1678817669, 0, 0, 0, 0, 0),
(165, 0, 1, 5, 9, 0, 0, 0, 0, 0, 0, 0, 0, 0, 0, 0, 0, 0, 0, 0, 0, 0, 0, 0, 0, 0, 0, 0, 0, 0, 0, 0, 0, 20, 1, 0, 0, 0, 0, 0, 1678817669, 0, 0, 0, 0, 0),
(166, 0, 1, 6, 9, 0, 0, 0, 0, 0, 0, 0, 0, 0, 0, 0, 0, 0, 0, 0, 0, 0, 0, 0, 0, 0, 0, 0, 0, 0, 0, 0, 0, 20, 1, 0, 0, 0, 0, 0, 1678817669, 0, 0, 0, 0, 0),
(167, 0, 1, 7, 9, 0, 0, 0, 0, 0, 0, 0, 0, 0, 0, 0, 0, 0, 0, 0, 0, 0, 0, 0, 0, 0, 0, 0, 0, 0, 0, 0, 0, 20, 1, 0, 0, 0, 0, 0, 1678817669, 0, 0, 0, 0, 0),
(168, 0, 1, 8, 9, 0, 0, 0, 0, 0, 0, 0, 0, 0, 0, 0, 0, 0, 0, 0, 0, 0, 0, 0, 0, 0, 0, 0, 0, 0, 0, 0, 0, 20, 1, 0, 0, 0, 0, 0, 1678817669, 0, 0, 0, 0, 0),
(169, 0, 1, 9, 9, 0, 0, 0, 0, 0, 0, 0, 0, 0, 0, 0, 0, 0, 0, 0, 0, 0, 0, 0, 0, 0, 0, 0, 0, 0, 0, 0, 0, 20, 1, 0, 0, 0, 0, 0, 1678817669, 0, 0, 0, 0, 0),
(170, 0, 1, 10, 9, 0, 0, 0, 0, 0, 0, 0, 0, 0, 0, 0, 0, 0, 0, 0, 0, 0, 0, 0, 0, 0, 0, 0, 0, 0, 0, 0, 0, 20, 1, 0, 0, 0, 0, 0, 1678817669, 0, 0, 0, 0, 0),
(171, 0, 1, 11, 9, 0, 0, 0, 0, 0, 0, 0, 0, 0, 0, 0, 0, 0, 0, 0, 0, 0, 0, 0, 0, 0, 0, 0, 0, 0, 0, 0, 0, 20, 1, 0, 0, 0, 0, 0, 1678817669, 0, 0, 0, 0, 0),
(172, 0, 1, 12, 9, 0, 0, 0, 0, 0, 0, 0, 0, 0, 0, 0, 0, 0, 0, 0, 0, 0, 0, 0, 0, 0, 0, 0, 0, 0, 0, 0, 0, 20, 1, 0, 0, 0, 0, 0, 1678817669, 0, 0, 0, 0, 0),
(173, 0, 1, 13, 9, 0, 0, 0, 0, 0, 0, 0, 0, 0, 0, 0, 0, 0, 0, 0, 0, 0, 0, 0, 0, 0, 0, 0, 0, 0, 0, 0, 0, 20, 1, 0, 0, 0, 0, 0, 1678817669, 0, 0, 0, 0, 0),
(174, 0, 1, 14, 9, 0, 0, 0, 0, 0, 0, 0, 0, 0, 0, 0, 0, 0, 0, 0, 0, 0, 0, 0, 0, 0, 0, 0, 0, 0, 0, 0, 0, 20, 1, 0, 0, 0, 0, 0, 1678817669, 0, 0, 0, 0, 0),
(175, 0, 1, 15, 9, 0, 0, 0, 0, 0, 0, 0, 0, 0, 0, 0, 0, 0, 0, 0, 0, 0, 0, 0, 0, 0, 0, 0, 0, 0, 0, 0, 0, 20, 1, 0, 0, 0, 0, 0, 1678817669, 0, 0, 0, 0, 0),
(176, 0, 1, 16, 9, 0, 0, 0, 0, 0, 0, 0, 0, 0, 0, 0, 0, 0, 0, 0, 0, 0, 0, 0, 0, 0, 0, 0, 0, 0, 0, 0, 0, 20, 1, 0, 0, 0, 0, 0, 1678817669, 0, 0, 0, 0, 0),
(177, 0, 1, 17, 9, 0, 0, 0, 0, 0, 0, 0, 0, 0, 0, 0, 0, 0, 0, 0, 0, 0, 0, 0, 0, 0, 0, 0, 0, 0, 0, 0, 0, 20, 1, 0, 0, 0, 0, 0, 1678817669, 0, 0, 0, 0, 0),
(178, 0, 1, 18, 9, 0, 0, 0, 0, 0, 0, 0, 0, 0, 0, 0, 0, 0, 0, 0, 0, 0, 0, 0, 0, 0, 0, 0, 0, 0, 0, 0, 0, 20, 1, 0, 0, 0, 0, 0, 1678817669, 0, 0, 0, 0, 0),
(179, 0, 1, 19, 9, 0, 0, 0, 0, 0, 0, 0, 0, 0, 0, 0, 0, 0, 0, 0, 0, 0, 0, 0, 0, 0, 0, 0, 0, 0, 0, 0, 0, 20, 1, 0, 0, 0, 0, 0, 1678817669, 0, 0, 0, 0, 0),
(180, 0, 1, 20, 9, 0, 0, 0, 0, 0, 0, 0, 0, 0, 0, 0, 0, 0, 0, 0, 0, 0, 0, 0, 0, 0, 0, 0, 0, 0, 0, 0, 0, 20, 1, 0, 0, 0, 0, 0, 1678817669, 0, 0, 0, 0, 0),
(181, 0, 1, 1, 10, 0, 0, 0, 0, 0, 0, 0, 0, 0, 0, 0, 0, 0, 0, 0, 0, 0, 0, 0, 0, 0, 0, 0, 0, 0, 0, 0, 0, 20, 1, 0, 0, 0, 0, 0, 1678817669, 0, 0, 0, 0, 0),
(182, 0, 1, 2, 10, 0, 0, 0, 0, 0, 0, 0, 0, 0, 0, 0, 0, 0, 0, 0, 0, 0, 0, 0, 0, 0, 0, 0, 0, 0, 0, 0, 0, 20, 1, 0, 0, 0, 0, 0, 1678817669, 0, 0, 0, 0, 0),
(183, 0, 1, 3, 10, 0, 0, 0, 0, 0, 0, 0, 0, 0, 0, 0, 0, 0, 0, 0, 0, 0, 0, 0, 0, 0, 0, 0, 0, 0, 0, 0, 0, 20, 1, 0, 0, 0, 0, 0, 1678817669, 0, 0, 0, 0, 0),
(184, 0, 1, 4, 10, 0, 0, 0, 0, 0, 0, 0, 0, 0, 0, 0, 0, 0, 0, 0, 0, 0, 0, 0, 0, 0, 0, 0, 0, 0, 0, 0, 0, 20, 1, 0, 0, 0, 0, 0, 1678817669, 0, 0, 0, 0, 0),
(185, 0, 1, 5, 10, 0, 0, 0, 0, 0, 0, 0, 0, 0, 0, 0, 0, 0, 0, 0, 0, 0, 0, 0, 0, 0, 0, 0, 0, 0, 0, 0, 0, 20, 1, 0, 0, 0, 0, 0, 1678817669, 0, 0, 0, 0, 0),
(186, 0, 1, 6, 10, 0, 0, 0, 0, 0, 0, 0, 0, 0, 0, 0, 0, 0, 0, 0, 0, 0, 0, 0, 0, 0, 0, 0, 0, 0, 0, 0, 0, 20, 1, 0, 0, 0, 0, 0, 1678817669, 0, 0, 0, 0, 0),
(187, 0, 1, 7, 10, 0, 0, 0, 0, 0, 0, 0, 0, 0, 0, 0, 0, 0, 0, 0, 0, 0, 0, 0, 0, 0, 0, 0, 0, 0, 0, 0, 0, 20, 1, 0, 0, 0, 0, 0, 1678817669, 0, 0, 0, 0, 0),
(188, 0, 1, 8, 10, 0, 0, 0, 0, 0, 0, 0, 0, 0, 0, 0, 0, 0, 0, 0, 0, 0, 0, 0, 0, 0, 0, 0, 0, 0, 0, 0, 0, 20, 1, 0, 0, 0, 0, 0, 1678817669, 0, 0, 0, 0, 0),
(189, 0, 1, 9, 10, 0, 0, 0, 0, 0, 0, 0, 0, 0, 0, 0, 0, 0, 0, 0, 0, 0, 0, 0, 0, 0, 0, 0, 0, 0, 0, 0, 0, 20, 1, 0, 0, 0, 0, 0, 1678817669, 0, 0, 0, 0, 0),
(190, 0, 1, 10, 10, 0, 0, 0, 0, 0, 0, 0, 0, 0, 0, 0, 0, 0, 0, 0, 0, 0, 0, 0, 0, 0, 0, 0, 0, 0, 0, 0, 0, 20, 1, 0, 0, 0, 0, 0, 1678817669, 0, 0, 0, 0, 0),
(191, 0, 1, 11, 10, 0, 0, 0, 0, 0, 0, 0, 0, 0, 0, 0, 0, 0, 0, 0, 0, 0, 0, 0, 0, 0, 0, 0, 0, 0, 0, 0, 0, 20, 1, 0, 0, 0, 0, 0, 1678817669, 0, 0, 0, 0, 0),
(192, 0, 1, 12, 10, 0, 0, 0, 0, 0, 0, 0, 0, 0, 0, 0, 0, 0, 0, 0, 0, 0, 0, 0, 0, 0, 0, 0, 0, 0, 0, 0, 0, 20, 1, 0, 0, 0, 0, 0, 1678817669, 0, 0, 0, 0, 0),
(193, 0, 1, 13, 10, 0, 0, 0, 0, 0, 0, 0, 0, 0, 0, 0, 0, 0, 0, 0, 0, 0, 0, 0, 0, 0, 0, 0, 0, 0, 0, 0, 0, 20, 1, 0, 0, 0, 0, 0, 1678817669, 0, 0, 0, 0, 0),
(194, 0, 1, 14, 10, 0, 0, 0, 0, 0, 0, 0, 0, 0, 0, 0, 0, 0, 0, 0, 0, 0, 0, 0, 0, 0, 0, 0, 0, 0, 0, 0, 0, 20, 1, 0, 0, 0, 0, 0, 1678817669, 0, 0, 0, 0, 0),
(195, 0, 1, 15, 10, 0, 0, 0, 0, 0, 0, 0, 0, 0, 0, 0, 0, 0, 0, 0, 0, 0, 0, 0, 0, 0, 0, 0, 0, 0, 0, 0, 0, 20, 1, 0, 0, 0, 0, 0, 1678817669, 0, 0, 0, 0, 0),
(196, 0, 1, 16, 10, 0, 0, 0, 0, 0, 0, 0, 0, 0, 0, 0, 0, 0, 0, 0, 0, 0, 0, 0, 0, 0, 0, 0, 0, 0, 0, 0, 0, 20, 1, 0, 0, 0, 0, 0, 1678817669, 0, 0, 0, 0, 0),
(197, 0, 1, 17, 10, 0, 0, 0, 0, 0, 0, 0, 0, 0, 0, 0, 0, 0, 0, 0, 0, 0, 0, 0, 0, 0, 0, 0, 0, 0, 0, 0, 0, 20, 1, 0, 0, 0, 0, 0, 1678817669, 0, 0, 0, 0, 0),
(198, 0, 1, 18, 10, 0, 0, 0, 0, 0, 0, 0, 0, 0, 0, 0, 0, 0, 0, 0, 0, 0, 0, 0, 0, 0, 0, 0, 0, 0, 0, 0, 0, 20, 1, 0, 0, 0, 0, 0, 1678817669, 0, 0, 0, 0, 0),
(199, 0, 1, 19, 10, 0, 0, 0, 0, 0, 0, 0, 0, 0, 0, 0, 0, 0, 0, 0, 0, 0, 0, 0, 0, 0, 0, 0, 0, 0, 0, 0, 0, 20, 1, 0, 0, 0, 0, 0, 1678817669, 0, 0, 0, 0, 0),
(200, 0, 1, 20, 10, 0, 0, 0, 0, 0, 0, 0, 0, 0, 0, 0, 0, 0, 0, 0, 0, 0, 0, 0, 0, 0, 0, 0, 0, 0, 0, 0, 0, 20, 1, 0, 0, 0, 0, 0, 1678817669, 0, 0, 0, 0, 0),
(201, 0, 1, 1, 11, 0, 0, 0, 0, 0, 0, 0, 0, 0, 0, 0, 0, 0, 0, 0, 0, 0, 0, 0, 0, 0, 0, 0, 0, 0, 0, 0, 0, 20, 1, 0, 0, 0, 0, 0, 1678817669, 0, 0, 0, 0, 0),
(202, 0, 1, 2, 11, 0, 0, 0, 0, 0, 0, 0, 0, 0, 0, 0, 0, 0, 0, 0, 0, 0, 0, 0, 0, 0, 0, 0, 0, 0, 0, 0, 0, 20, 1, 0, 0, 0, 0, 0, 1678817669, 0, 0, 0, 0, 0),
(203, 0, 1, 3, 11, 0, 0, 0, 0, 0, 0, 0, 0, 0, 0, 0, 0, 0, 0, 0, 0, 0, 0, 0, 0, 0, 0, 0, 0, 0, 0, 0, 0, 20, 1, 0, 0, 0, 0, 0, 1678817669, 0, 0, 0, 0, 0),
(204, 0, 1, 4, 11, 0, 0, 0, 0, 0, 0, 0, 0, 0, 0, 0, 0, 0, 0, 0, 0, 0, 0, 0, 0, 0, 0, 0, 0, 0, 0, 0, 0, 20, 1, 0, 0, 0, 0, 0, 1678817669, 0, 0, 0, 0, 0),
(205, 0, 1, 5, 11, 0, 0, 0, 0, 0, 0, 0, 0, 0, 0, 0, 0, 0, 0, 0, 0, 0, 0, 0, 0, 0, 0, 0, 0, 0, 0, 0, 0, 20, 1, 0, 0, 0, 0, 0, 1678817669, 0, 0, 0, 0, 0),
(206, 0, 1, 6, 11, 0, 0, 0, 0, 0, 0, 0, 0, 0, 0, 0, 0, 0, 0, 0, 0, 0, 0, 0, 0, 0, 0, 0, 0, 0, 0, 0, 0, 20, 1, 0, 0, 0, 0, 0, 1678817669, 0, 0, 0, 0, 0),
(207, 0, 1, 7, 11, 0, 0, 0, 0, 0, 0, 0, 0, 0, 0, 0, 0, 0, 0, 0, 0, 0, 0, 0, 0, 0, 0, 0, 0, 0, 0, 0, 0, 20, 1, 0, 0, 0, 0, 0, 1678817669, 0, 0, 0, 0, 0),
(208, 0, 1, 8, 11, 0, 0, 0, 0, 0, 0, 0, 0, 0, 0, 0, 0, 0, 0, 0, 0, 0, 0, 0, 0, 0, 0, 0, 0, 0, 0, 0, 0, 20, 1, 0, 0, 0, 0, 0, 1678817669, 0, 0, 0, 0, 0),
(209, 0, 1, 9, 11, 0, 0, 0, 0, 0, 0, 0, 0, 0, 0, 0, 0, 0, 0, 0, 0, 0, 0, 0, 0, 0, 0, 0, 0, 0, 0, 0, 0, 20, 1, 0, 0, 0, 0, 0, 1678817669, 0, 0, 0, 0, 0),
(210, 0, 1, 10, 11, 0, 0, 0, 0, 0, 0, 0, 0, 0, 0, 0, 0, 0, 0, 0, 0, 0, 0, 0, 0, 0, 0, 0, 0, 0, 0, 0, 0, 20, 1, 0, 0, 0, 0, 0, 1678817669, 0, 0, 0, 0, 0),
(211, 0, 1, 11, 11, 0, 0, 0, 0, 0, 0, 0, 0, 0, 0, 0, 0, 0, 0, 0, 0, 0, 0, 0, 0, 0, 0, 0, 0, 0, 0, 0, 0, 20, 1, 0, 0, 0, 0, 0, 1678817669, 0, 0, 0, 0, 0),
(212, 0, 1, 12, 11, 0, 0, 0, 0, 0, 0, 0, 0, 0, 0, 0, 0, 0, 0, 0, 0, 0, 0, 0, 0, 0, 0, 0, 0, 0, 0, 0, 0, 20, 1, 0, 0, 0, 0, 0, 1678817669, 0, 0, 0, 0, 0),
(213, 0, 1, 13, 11, 0, 0, 0, 0, 0, 0, 0, 0, 0, 0, 0, 0, 0, 0, 0, 0, 0, 0, 0, 0, 0, 0, 0, 0, 0, 0, 0, 0, 20, 1, 0, 0, 0, 0, 0, 1678817669, 0, 0, 0, 0, 0),
(214, 0, 1, 14, 11, 0, 0, 0, 0, 0, 0, 0, 0, 0, 0, 0, 0, 0, 0, 0, 0, 0, 0, 0, 0, 0, 0, 0, 0, 0, 0, 0, 0, 20, 1, 0, 0, 0, 0, 0, 1678817669, 0, 0, 0, 0, 0),
(215, 0, 1, 15, 11, 0, 0, 0, 0, 0, 0, 0, 0, 0, 0, 0, 0, 0, 0, 0, 0, 0, 0, 0, 0, 0, 0, 0, 0, 0, 0, 0, 0, 20, 1, 0, 0, 0, 0, 0, 1678817669, 0, 0, 0, 0, 0),
(216, 0, 1, 16, 11, 0, 0, 0, 0, 0, 0, 0, 0, 0, 0, 0, 0, 0, 0, 0, 0, 0, 0, 0, 0, 0, 0, 0, 0, 0, 0, 0, 0, 20, 1, 0, 0, 0, 0, 0, 1678817669, 0, 0, 0, 0, 0),
(217, 0, 1, 17, 11, 0, 0, 0, 0, 0, 0, 0, 0, 0, 0, 0, 0, 0, 0, 0, 0, 0, 0, 0, 0, 0, 0, 0, 0, 0, 0, 0, 0, 20, 1, 0, 0, 0, 0, 0, 1678817669, 0, 0, 0, 0, 0),
(218, 0, 1, 18, 11, 0, 0, 0, 0, 0, 0, 0, 0, 0, 0, 0, 0, 0, 0, 0, 0, 0, 0, 0, 0, 0, 0, 0, 0, 0, 0, 0, 0, 20, 1, 0, 0, 0, 0, 0, 1678817669, 0, 0, 0, 0, 0),
(219, 0, 1, 19, 11, 0, 0, 0, 0, 0, 0, 0, 0, 0, 0, 0, 0, 0, 0, 0, 0, 0, 0, 0, 0, 0, 0, 0, 0, 0, 0, 0, 0, 20, 1, 0, 0, 0, 0, 0, 1678817669, 0, 0, 0, 0, 0),
(220, 0, 1, 20, 11, 0, 0, 0, 0, 0, 0, 0, 0, 0, 0, 0, 0, 0, 0, 0, 0, 0, 0, 0, 0, 0, 0, 0, 0, 0, 0, 0, 0, 20, 1, 0, 0, 0, 0, 0, 1678817669, 0, 0, 0, 0, 0),
(221, 0, 1, 1, 12, 0, 0, 0, 0, 0, 0, 0, 0, 0, 0, 0, 0, 0, 0, 0, 0, 0, 0, 0, 0, 0, 0, 0, 0, 0, 0, 0, 0, 20, 1, 0, 0, 0, 0, 0, 1678817669, 0, 0, 0, 0, 0),
(222, 0, 1, 2, 12, 0, 0, 0, 0, 0, 0, 0, 0, 0, 0, 0, 0, 0, 0, 0, 0, 0, 0, 0, 0, 0, 0, 0, 0, 0, 0, 0, 0, 20, 1, 0, 0, 0, 0, 0, 1678817669, 0, 0, 0, 0, 0),
(223, 0, 1, 3, 12, 0, 0, 0, 0, 0, 0, 0, 0, 0, 0, 0, 0, 0, 0, 0, 0, 0, 0, 0, 0, 0, 0, 0, 0, 0, 0, 0, 0, 20, 1, 0, 0, 0, 0, 0, 1678817669, 0, 0, 0, 0, 0),
(224, 0, 1, 4, 12, 0, 0, 0, 0, 0, 0, 0, 0, 0, 0, 0, 0, 0, 0, 0, 0, 0, 0, 0, 0, 0, 0, 0, 0, 0, 0, 0, 0, 20, 1, 0, 0, 0, 0, 0, 1678817669, 0, 0, 0, 0, 0),
(225, 0, 1, 5, 12, 0, 0, 0, 0, 0, 0, 0, 0, 0, 0, 0, 0, 0, 0, 0, 0, 0, 0, 0, 0, 0, 0, 0, 0, 0, 0, 0, 0, 20, 1, 0, 0, 0, 0, 0, 1678817669, 0, 0, 0, 0, 0),
(226, 0, 1, 6, 12, 0, 0, 0, 0, 0, 0, 0, 0, 0, 0, 0, 0, 0, 0, 0, 0, 0, 0, 0, 0, 0, 0, 0, 0, 0, 0, 0, 0, 20, 1, 0, 0, 0, 0, 0, 1678817669, 0, 0, 0, 0, 0),
(227, 0, 1, 7, 12, 0, 0, 0, 0, 0, 0, 0, 0, 0, 0, 0, 0, 0, 0, 0, 0, 0, 0, 0, 0, 0, 0, 0, 0, 0, 0, 0, 0, 20, 1, 0, 0, 0, 0, 0, 1678817669, 0, 0, 0, 0, 0),
(228, 0, 1, 8, 12, 0, 0, 0, 0, 0, 0, 0, 0, 0, 0, 0, 0, 0, 0, 0, 0, 0, 0, 0, 0, 0, 0, 0, 0, 0, 0, 0, 0, 20, 1, 0, 0, 0, 0, 0, 1678817669, 0, 0, 0, 0, 0),
(229, 0, 1, 9, 12, 0, 0, 0, 0, 0, 0, 0, 0, 0, 0, 0, 0, 0, 0, 0, 0, 0, 0, 0, 0, 0, 0, 0, 0, 0, 0, 0, 0, 20, 1, 0, 0, 0, 0, 0, 1678817669, 0, 0, 0, 0, 0),
(230, 0, 1, 10, 12, 0, 0, 0, 0, 0, 0, 0, 0, 0, 0, 0, 0, 0, 0, 0, 0, 0, 0, 0, 0, 0, 0, 0, 0, 0, 0, 0, 0, 20, 1, 0, 0, 0, 0, 0, 1678817669, 0, 0, 0, 0, 0),
(231, 0, 1, 11, 12, 0, 0, 0, 0, 0, 0, 0, 0, 0, 0, 0, 0, 0, 0, 0, 0, 0, 0, 0, 0, 0, 0, 0, 0, 0, 0, 0, 0, 20, 1, 0, 0, 0, 0, 0, 1678817669, 0, 0, 0, 0, 0),
(232, 0, 1, 12, 12, 0, 0, 0, 0, 0, 0, 0, 0, 0, 0, 0, 0, 0, 0, 0, 0, 0, 0, 0, 0, 0, 0, 0, 0, 0, 0, 0, 0, 20, 1, 0, 0, 0, 0, 0, 1678817669, 0, 0, 0, 0, 0),
(233, 0, 1, 13, 12, 0, 0, 0, 0, 0, 0, 0, 0, 0, 0, 0, 0, 0, 0, 0, 0, 0, 0, 0, 0, 0, 0, 0, 0, 0, 0, 0, 0, 20, 1, 0, 0, 0, 0, 0, 1678817669, 0, 0, 0, 0, 0),
(234, 0, 1, 14, 12, 0, 0, 0, 0, 0, 0, 0, 0, 0, 0, 0, 0, 0, 0, 0, 0, 0, 0, 0, 0, 0, 0, 0, 0, 0, 0, 0, 0, 20, 1, 0, 0, 0, 0, 0, 1678817669, 0, 0, 0, 0, 0),
(235, 0, 1, 15, 12, 0, 0, 0, 0, 0, 0, 0, 0, 0, 0, 0, 0, 0, 0, 0, 0, 0, 0, 0, 0, 0, 0, 0, 0, 0, 0, 0, 0, 20, 1, 0, 0, 0, 0, 0, 1678817669, 0, 0, 0, 0, 0),
(236, 0, 1, 16, 12, 0, 0, 0, 0, 0, 0, 0, 0, 0, 0, 0, 0, 0, 0, 0, 0, 0, 0, 0, 0, 0, 0, 0, 0, 0, 0, 0, 0, 20, 1, 0, 0, 0, 0, 0, 1678817669, 0, 0, 0, 0, 0),
(237, 0, 1, 17, 12, 0, 0, 0, 0, 0, 0, 0, 0, 0, 0, 0, 0, 0, 0, 0, 0, 0, 0, 0, 0, 0, 0, 0, 0, 0, 0, 0, 0, 20, 1, 0, 0, 0, 0, 0, 1678817669, 0, 0, 0, 0, 0),
(238, 0, 1, 18, 12, 0, 0, 0, 0, 0, 0, 0, 0, 0, 0, 0, 0, 0, 0, 0, 0, 0, 0, 0, 0, 0, 0, 0, 0, 0, 0, 0, 0, 20, 1, 0, 0, 0, 0, 0, 1678817669, 0, 0, 0, 0, 0),
(239, 0, 1, 19, 12, 0, 0, 0, 0, 0, 0, 0, 0, 0, 0, 0, 0, 0, 0, 0, 0, 0, 0, 0, 0, 0, 0, 0, 0, 0, 0, 0, 0, 20, 1, 0, 0, 0, 0, 0, 1678817669, 0, 0, 0, 0, 0),
(240, 0, 1, 20, 12, 0, 0, 0, 0, 0, 0, 0, 0, 0, 0, 0, 0, 0, 0, 0, 0, 0, 0, 0, 0, 0, 0, 0, 0, 0, 0, 0, 0, 20, 1, 0, 0, 0, 0, 0, 1678817669, 0, 0, 0, 0, 0),
(241, 0, 1, 1, 13, 0, 0, 0, 0, 0, 0, 0, 0, 0, 0, 0, 0, 0, 0, 0, 0, 0, 0, 0, 0, 0, 0, 0, 0, 0, 0, 0, 0, 20, 1, 0, 0, 0, 0, 0, 1678817669, 0, 0, 0, 0, 0),
(242, 0, 1, 2, 13, 0, 0, 0, 0, 0, 0, 0, 0, 0, 0, 0, 0, 0, 0, 0, 0, 0, 0, 0, 0, 0, 0, 0, 0, 0, 0, 0, 0, 20, 1, 0, 0, 0, 0, 0, 1678817669, 0, 0, 0, 0, 0),
(243, 0, 1, 3, 13, 0, 0, 0, 0, 0, 0, 0, 0, 0, 0, 0, 0, 0, 0, 0, 0, 0, 0, 0, 0, 0, 0, 0, 0, 0, 0, 0, 0, 20, 1, 0, 0, 0, 0, 0, 1678817669, 0, 0, 0, 0, 0),
(244, 0, 1, 4, 13, 0, 0, 0, 0, 0, 0, 0, 0, 0, 0, 0, 0, 0, 0, 0, 0, 0, 0, 0, 0, 0, 0, 0, 0, 0, 0, 0, 0, 20, 1, 0, 0, 0, 0, 0, 1678817669, 0, 0, 0, 0, 0),
(245, 0, 1, 5, 13, 0, 0, 0, 0, 0, 0, 0, 0, 0, 0, 0, 0, 0, 0, 0, 0, 0, 0, 0, 0, 0, 0, 0, 0, 0, 0, 0, 0, 20, 1, 0, 0, 0, 0, 0, 1678817669, 0, 0, 0, 0, 0),
(246, 0, 1, 6, 13, 0, 0, 0, 0, 0, 0, 0, 0, 0, 0, 0, 0, 0, 0, 0, 0, 0, 0, 0, 0, 0, 0, 0, 0, 0, 0, 0, 0, 20, 1, 0, 0, 0, 0, 0, 1678817669, 0, 0, 0, 0, 0),
(247, 0, 1, 7, 13, 0, 0, 0, 0, 0, 0, 0, 0, 0, 0, 0, 0, 0, 0, 0, 0, 0, 0, 0, 0, 0, 0, 0, 0, 0, 0, 0, 0, 20, 1, 0, 0, 0, 0, 0, 1678817669, 0, 0, 0, 0, 0),
(248, 0, 1, 8, 13, 0, 0, 0, 0, 0, 0, 0, 0, 0, 0, 0, 0, 0, 0, 0, 0, 0, 0, 0, 0, 0, 0, 0, 0, 0, 0, 0, 0, 20, 1, 0, 0, 0, 0, 0, 1678817669, 0, 0, 0, 0, 0),
(249, 0, 1, 9, 13, 0, 0, 0, 0, 0, 0, 0, 0, 0, 0, 0, 0, 0, 0, 0, 0, 0, 0, 0, 0, 0, 0, 0, 0, 0, 0, 0, 0, 20, 1, 0, 0, 0, 0, 0, 1678817669, 0, 0, 0, 0, 0),
(250, 0, 1, 10, 13, 0, 0, 0, 0, 0, 0, 0, 0, 0, 0, 0, 0, 0, 0, 0, 0, 0, 0, 0, 0, 0, 0, 0, 0, 0, 0, 0, 0, 20, 1, 0, 0, 0, 0, 0, 1678817669, 0, 0, 0, 0, 0),
(251, 0, 1, 11, 13, 0, 0, 0, 0, 0, 0, 0, 0, 0, 0, 0, 0, 0, 0, 0, 0, 0, 0, 0, 0, 0, 0, 0, 0, 0, 0, 0, 0, 20, 1, 0, 0, 0, 0, 0, 1678817669, 0, 0, 0, 0, 0),
(252, 0, 1, 12, 13, 0, 0, 0, 0, 0, 0, 0, 0, 0, 0, 0, 0, 0, 0, 0, 0, 0, 0, 0, 0, 0, 0, 0, 0, 0, 0, 0, 0, 20, 1, 0, 0, 0, 0, 0, 1678817669, 0, 0, 0, 0, 0),
(253, 0, 1, 13, 13, 0, 0, 0, 0, 0, 0, 0, 0, 0, 0, 0, 0, 0, 0, 0, 0, 0, 0, 0, 0, 0, 0, 0, 0, 0, 0, 0, 0, 20, 1, 0, 0, 0, 0, 0, 1678817669, 0, 0, 0, 0, 0),
(254, 0, 1, 14, 13, 0, 0, 0, 0, 0, 0, 0, 0, 0, 0, 0, 0, 0, 0, 0, 0, 0, 0, 0, 0, 0, 0, 0, 0, 0, 0, 0, 0, 20, 1, 0, 0, 0, 0, 0, 1678817669, 0, 0, 0, 0, 0),
(255, 0, 1, 15, 13, 0, 0, 0, 0, 0, 0, 0, 0, 0, 0, 0, 0, 0, 0, 0, 0, 0, 0, 0, 0, 0, 0, 0, 0, 0, 0, 0, 0, 20, 1, 0, 0, 0, 0, 0, 1678817669, 0, 0, 0, 0, 0),
(256, 0, 1, 16, 13, 0, 0, 0, 0, 0, 0, 0, 0, 0, 0, 0, 0, 0, 0, 0, 0, 0, 0, 0, 0, 0, 0, 0, 0, 0, 0, 0, 0, 20, 1, 0, 0, 0, 0, 0, 1678817669, 0, 0, 0, 0, 0),
(257, 0, 1, 17, 13, 0, 0, 0, 0, 0, 0, 0, 0, 0, 0, 0, 0, 0, 0, 0, 0, 0, 0, 0, 0, 0, 0, 0, 0, 0, 0, 0, 0, 20, 1, 0, 0, 0, 0, 0, 1678817669, 0, 0, 0, 0, 0),
(258, 0, 1, 18, 13, 0, 0, 0, 0, 0, 0, 0, 0, 0, 0, 0, 0, 0, 0, 0, 0, 0, 0, 0, 0, 0, 0, 0, 0, 0, 0, 0, 0, 20, 1, 0, 0, 0, 0, 0, 1678817669, 0, 0, 0, 0, 0),
(259, 0, 1, 19, 13, 0, 0, 0, 0, 0, 0, 0, 0, 0, 0, 0, 0, 0, 0, 0, 0, 0, 0, 0, 0, 0, 0, 0, 0, 0, 0, 0, 0, 20, 1, 0, 0, 0, 0, 0, 1678817669, 0, 0, 0, 0, 0),
(260, 0, 1, 20, 13, 0, 0, 0, 0, 0, 0, 0, 0, 0, 0, 0, 0, 0, 0, 0, 0, 0, 0, 0, 0, 0, 0, 0, 0, 0, 0, 0, 0, 20, 1, 0, 0, 0, 0, 0, 1678817669, 0, 0, 0, 0, 0),
(261, 0, 1, 1, 14, 0, 0, 0, 0, 0, 0, 0, 0, 0, 0, 0, 0, 0, 0, 0, 0, 0, 0, 0, 0, 0, 0, 0, 0, 0, 0, 0, 0, 20, 1, 0, 0, 0, 0, 0, 1678817669, 0, 0, 0, 0, 0),
(262, 0, 1, 2, 14, 0, 0, 0, 0, 0, 0, 0, 0, 0, 0, 0, 0, 0, 0, 0, 0, 0, 0, 0, 0, 0, 0, 0, 0, 0, 0, 0, 0, 20, 1, 0, 0, 0, 0, 0, 1678817669, 0, 0, 0, 0, 0),
(263, 0, 1, 3, 14, 0, 0, 0, 0, 0, 0, 0, 0, 0, 0, 0, 0, 0, 0, 0, 0, 0, 0, 0, 0, 0, 0, 0, 0, 0, 0, 0, 0, 20, 1, 0, 0, 0, 0, 0, 1678817669, 0, 0, 0, 0, 0),
(264, 0, 1, 4, 14, 0, 0, 0, 0, 0, 0, 0, 0, 0, 0, 0, 0, 0, 0, 0, 0, 0, 0, 0, 0, 0, 0, 0, 0, 0, 0, 0, 0, 20, 1, 0, 0, 0, 0, 0, 1678817669, 0, 0, 0, 0, 0),
(265, 0, 1, 5, 14, 0, 0, 0, 0, 0, 0, 0, 0, 0, 0, 0, 0, 0, 0, 0, 0, 0, 0, 0, 0, 0, 0, 0, 0, 0, 0, 0, 0, 20, 1, 0, 0, 0, 0, 0, 1678817669, 0, 0, 0, 0, 0),
(266, 0, 1, 6, 14, 0, 0, 0, 0, 0, 0, 0, 0, 0, 0, 0, 0, 0, 0, 0, 0, 0, 0, 0, 0, 0, 0, 0, 0, 0, 0, 0, 0, 20, 1, 0, 0, 0, 0, 0, 1678817669, 0, 0, 0, 0, 0),
(267, 0, 1, 7, 14, 0, 0, 0, 0, 0, 0, 0, 0, 0, 0, 0, 0, 0, 0, 0, 0, 0, 0, 0, 0, 0, 0, 0, 0, 0, 0, 0, 0, 20, 1, 0, 0, 0, 0, 0, 1678817669, 0, 0, 0, 0, 0),
(268, 0, 1, 8, 14, 0, 0, 0, 0, 0, 0, 0, 0, 0, 0, 0, 0, 0, 0, 0, 0, 0, 0, 0, 0, 0, 0, 0, 0, 0, 0, 0, 0, 20, 1, 0, 0, 0, 0, 0, 1678817669, 0, 0, 0, 0, 0),
(269, 0, 1, 9, 14, 0, 0, 0, 0, 0, 0, 0, 0, 0, 0, 0, 0, 0, 0, 0, 0, 0, 0, 0, 0, 0, 0, 0, 0, 0, 0, 0, 0, 20, 1, 0, 0, 0, 0, 0, 1678817669, 0, 0, 0, 0, 0),
(270, 0, 1, 10, 14, 0, 0, 0, 0, 0, 0, 0, 0, 0, 0, 0, 0, 0, 0, 0, 0, 0, 0, 0, 0, 0, 0, 0, 0, 0, 0, 0, 0, 20, 1, 0, 0, 0, 0, 0, 1678817669, 0, 0, 0, 0, 0),
(271, 0, 1, 11, 14, 0, 0, 0, 0, 0, 0, 0, 0, 0, 0, 0, 0, 0, 0, 0, 0, 0, 0, 0, 0, 0, 0, 0, 0, 0, 0, 0, 0, 20, 1, 0, 0, 0, 0, 0, 1678817669, 0, 0, 0, 0, 0),
(272, 0, 1, 12, 14, 0, 0, 0, 0, 0, 0, 0, 0, 0, 0, 0, 0, 0, 0, 0, 0, 0, 0, 0, 0, 0, 0, 0, 0, 0, 0, 0, 0, 20, 1, 0, 0, 0, 0, 0, 1678817669, 0, 0, 0, 0, 0),
(273, 0, 1, 13, 14, 0, 0, 0, 0, 0, 0, 0, 0, 0, 0, 0, 0, 0, 0, 0, 0, 0, 0, 0, 0, 0, 0, 0, 0, 0, 0, 0, 0, 20, 1, 0, 0, 0, 0, 0, 1678817669, 0, 0, 0, 0, 0),
(274, 0, 1, 14, 14, 0, 0, 0, 0, 0, 0, 0, 0, 0, 0, 0, 0, 0, 0, 0, 0, 0, 0, 0, 0, 0, 0, 0, 0, 0, 0, 0, 0, 20, 1, 0, 0, 0, 0, 0, 1678817669, 0, 0, 0, 0, 0),
(275, 0, 1, 15, 14, 0, 0, 0, 0, 0, 0, 0, 0, 0, 0, 0, 0, 0, 0, 0, 0, 0, 0, 0, 0, 0, 0, 0, 0, 0, 0, 0, 0, 20, 1, 0, 0, 0, 0, 0, 1678817669, 0, 0, 0, 0, 0),
(276, 0, 1, 16, 14, 0, 0, 0, 0, 0, 0, 0, 0, 0, 0, 0, 0, 0, 0, 0, 0, 0, 0, 0, 0, 0, 0, 0, 0, 0, 0, 0, 0, 20, 1, 0, 0, 0, 0, 0, 1678817669, 0, 0, 0, 0, 0),
(277, 0, 1, 17, 14, 0, 0, 0, 0, 0, 0, 0, 0, 0, 0, 0, 0, 0, 0, 0, 0, 0, 0, 0, 0, 0, 0, 0, 0, 0, 0, 0, 0, 20, 1, 0, 0, 0, 0, 0, 1678817669, 0, 0, 0, 0, 0),
(278, 0, 1, 18, 14, 0, 0, 0, 0, 0, 0, 0, 0, 0, 0, 0, 0, 0, 0, 0, 0, 0, 0, 0, 0, 0, 0, 0, 0, 0, 0, 0, 0, 20, 1, 0, 0, 0, 0, 0, 1678817669, 0, 0, 0, 0, 0),
(279, 0, 1, 19, 14, 0, 0, 0, 0, 0, 0, 0, 0, 0, 0, 0, 0, 0, 0, 0, 0, 0, 0, 0, 0, 0, 0, 0, 0, 0, 0, 0, 0, 20, 1, 0, 0, 0, 0, 0, 1678817669, 0, 0, 0, 0, 0),
(280, 0, 1, 20, 14, 0, 0, 0, 0, 0, 0, 0, 0, 0, 0, 0, 0, 0, 0, 0, 0, 0, 0, 0, 0, 0, 0, 0, 0, 0, 0, 0, 0, 20, 1, 0, 0, 0, 0, 0, 1678817669, 0, 0, 0, 0, 0),
(281, 0, 1, 1, 15, 0, 0, 0, 0, 0, 0, 0, 0, 0, 0, 0, 0, 0, 0, 0, 0, 0, 0, 0, 0, 0, 0, 0, 0, 0, 0, 0, 0, 20, 1, 0, 0, 0, 0, 0, 1678817669, 0, 0, 0, 0, 0),
(282, 0, 1, 2, 15, 0, 0, 0, 0, 0, 0, 0, 0, 0, 0, 0, 0, 0, 0, 0, 0, 0, 0, 0, 0, 0, 0, 0, 0, 0, 0, 0, 0, 20, 1, 0, 0, 0, 0, 0, 1678817669, 0, 0, 0, 0, 0),
(283, 0, 1, 3, 15, 0, 0, 0, 0, 0, 0, 0, 0, 0, 0, 0, 0, 0, 0, 0, 0, 0, 0, 0, 0, 0, 0, 0, 0, 0, 0, 0, 0, 20, 1, 0, 0, 0, 0, 0, 1678817669, 0, 0, 0, 0, 0),
(284, 0, 1, 4, 15, 0, 0, 0, 0, 0, 0, 0, 0, 0, 0, 0, 0, 0, 0, 0, 0, 0, 0, 0, 0, 0, 0, 0, 0, 0, 0, 0, 0, 20, 1, 0, 0, 0, 0, 0, 1678817669, 0, 0, 0, 0, 0),
(285, 0, 1, 5, 15, 0, 0, 0, 0, 0, 0, 0, 0, 0, 0, 0, 0, 0, 0, 0, 0, 0, 0, 0, 0, 0, 0, 0, 0, 0, 0, 0, 0, 20, 1, 0, 0, 0, 0, 0, 1678817669, 0, 0, 0, 0, 0),
(286, 0, 1, 6, 15, 0, 0, 0, 0, 0, 0, 0, 0, 0, 0, 0, 0, 0, 0, 0, 0, 0, 0, 0, 0, 0, 0, 0, 0, 0, 0, 0, 0, 20, 1, 0, 0, 0, 0, 0, 1678817669, 0, 0, 0, 0, 0),
(287, 0, 1, 7, 15, 0, 0, 0, 0, 0, 0, 0, 0, 0, 0, 0, 0, 0, 0, 0, 0, 0, 0, 0, 0, 0, 0, 0, 0, 0, 0, 0, 0, 20, 1, 0, 0, 0, 0, 0, 1678817669, 0, 0, 0, 0, 0),
(288, 0, 1, 8, 15, 0, 0, 0, 0, 0, 0, 0, 0, 0, 0, 0, 0, 0, 0, 0, 0, 0, 0, 0, 0, 0, 0, 0, 0, 0, 0, 0, 0, 20, 1, 0, 0, 0, 0, 0, 1678817669, 0, 0, 0, 0, 0),
(289, 0, 1, 9, 15, 0, 0, 0, 0, 0, 0, 0, 0, 0, 0, 0, 0, 0, 0, 0, 0, 0, 0, 0, 0, 0, 0, 0, 0, 0, 0, 0, 0, 20, 1, 0, 0, 0, 0, 0, 1678817669, 0, 0, 0, 0, 0),
(290, 0, 1, 10, 15, 0, 0, 0, 0, 0, 0, 0, 0, 0, 0, 0, 0, 0, 0, 0, 0, 0, 0, 0, 0, 0, 0, 0, 0, 0, 0, 0, 0, 20, 1, 0, 0, 0, 0, 0, 1678817669, 0, 0, 0, 0, 0),
(291, 0, 1, 11, 15, 0, 0, 0, 0, 0, 0, 0, 0, 0, 0, 0, 0, 0, 0, 0, 0, 0, 0, 0, 0, 0, 0, 0, 0, 0, 0, 0, 0, 20, 1, 0, 0, 0, 0, 0, 1678817669, 0, 0, 0, 0, 0),
(292, 0, 1, 12, 15, 0, 0, 0, 0, 0, 0, 0, 0, 0, 0, 0, 0, 0, 0, 0, 0, 0, 0, 0, 0, 0, 0, 0, 0, 0, 0, 0, 0, 20, 1, 0, 0, 0, 0, 0, 1678817669, 0, 0, 0, 0, 0),
(293, 0, 1, 13, 15, 0, 0, 0, 0, 0, 0, 0, 0, 0, 0, 0, 0, 0, 0, 0, 0, 0, 0, 0, 0, 0, 0, 0, 0, 0, 0, 0, 0, 20, 1, 0, 0, 0, 0, 0, 1678817669, 0, 0, 0, 0, 0),
(294, 0, 1, 14, 15, 0, 0, 0, 0, 0, 0, 0, 0, 0, 0, 0, 0, 0, 0, 0, 0, 0, 0, 0, 0, 0, 0, 0, 0, 0, 0, 0, 0, 20, 1, 0, 0, 0, 0, 0, 1678817669, 0, 0, 0, 0, 0),
(295, 0, 1, 15, 15, 0, 0, 0, 0, 0, 0, 0, 0, 0, 0, 0, 0, 0, 0, 0, 0, 0, 0, 0, 0, 0, 0, 0, 0, 0, 0, 0, 0, 20, 1, 0, 0, 0, 0, 0, 1678817669, 0, 0, 0, 0, 0),
(296, 0, 1, 16, 15, 0, 0, 0, 0, 0, 0, 0, 0, 0, 0, 0, 0, 0, 0, 0, 0, 0, 0, 0, 0, 0, 0, 0, 0, 0, 0, 0, 0, 20, 1, 0, 0, 0, 0, 0, 1678817669, 0, 0, 0, 0, 0),
(297, 0, 1, 17, 15, 0, 0, 0, 0, 0, 0, 0, 0, 0, 0, 0, 0, 0, 0, 0, 0, 0, 0, 0, 0, 0, 0, 0, 0, 0, 0, 0, 0, 20, 1, 0, 0, 0, 0, 0, 1678817669, 0, 0, 0, 0, 0),
(298, 0, 1, 18, 15, 0, 0, 0, 0, 0, 0, 0, 0, 0, 0, 0, 0, 0, 0, 0, 0, 0, 0, 0, 0, 0, 0, 0, 0, 0, 0, 0, 0, 20, 1, 0, 0, 0, 0, 0, 1678817669, 0, 0, 0, 0, 0),
(299, 0, 1, 19, 15, 0, 0, 0, 0, 0, 0, 0, 0, 0, 0, 0, 0, 0, 0, 0, 0, 0, 0, 0, 0, 0, 0, 0, 0, 0, 0, 0, 0, 20, 1, 0, 0, 0, 0, 0, 1678817669, 0, 0, 0, 0, 0),
(300, 0, 1, 20, 15, 0, 0, 0, 0, 0, 0, 0, 0, 0, 0, 0, 0, 0, 0, 0, 0, 0, 0, 0, 0, 0, 0, 0, 0, 0, 0, 0, 0, 20, 1, 0, 0, 0, 0, 0, 1678817669, 0, 0, 0, 0, 0),
(301, 0, 1, 1, 16, 0, 0, 0, 0, 0, 0, 0, 0, 0, 0, 0, 0, 0, 0, 0, 0, 0, 0, 0, 0, 0, 0, 0, 0, 0, 0, 0, 0, 20, 1, 0, 0, 0, 0, 0, 1678817669, 0, 0, 0, 0, 0),
(302, 0, 1, 2, 16, 0, 0, 0, 0, 0, 0, 0, 0, 0, 0, 0, 0, 0, 0, 0, 0, 0, 0, 0, 0, 0, 0, 0, 0, 0, 0, 0, 0, 20, 1, 0, 0, 0, 0, 0, 1678817669, 0, 0, 0, 0, 0),
(303, 0, 1, 3, 16, 0, 0, 0, 0, 0, 0, 0, 0, 0, 0, 0, 0, 0, 0, 0, 0, 0, 0, 0, 0, 0, 0, 0, 0, 0, 0, 0, 0, 20, 1, 0, 0, 0, 0, 0, 1678817669, 0, 0, 0, 0, 0),
(304, 0, 1, 4, 16, 0, 0, 0, 0, 0, 0, 0, 0, 0, 0, 0, 0, 0, 0, 0, 0, 0, 0, 0, 0, 0, 0, 0, 0, 0, 0, 0, 0, 20, 1, 0, 0, 0, 0, 0, 1678817669, 0, 0, 0, 0, 0),
(305, 0, 1, 5, 16, 0, 0, 0, 0, 0, 0, 0, 0, 0, 0, 0, 0, 0, 0, 0, 0, 0, 0, 0, 0, 0, 0, 0, 0, 0, 0, 0, 0, 20, 1, 0, 0, 0, 0, 0, 1678817669, 0, 0, 0, 0, 0),
(306, 0, 1, 6, 16, 0, 0, 0, 0, 0, 0, 0, 0, 0, 0, 0, 0, 0, 0, 0, 0, 0, 0, 0, 0, 0, 0, 0, 0, 0, 0, 0, 0, 20, 1, 0, 0, 0, 0, 0, 1678817669, 0, 0, 0, 0, 0),
(307, 0, 1, 7, 16, 0, 0, 0, 0, 0, 0, 0, 0, 0, 0, 0, 0, 0, 0, 0, 0, 0, 0, 0, 0, 0, 0, 0, 0, 0, 0, 0, 0, 20, 1, 0, 0, 0, 0, 0, 1678817669, 0, 0, 0, 0, 0),
(308, 0, 1, 8, 16, 0, 0, 0, 0, 0, 0, 0, 0, 0, 0, 0, 0, 0, 0, 0, 0, 0, 0, 0, 0, 0, 0, 0, 0, 0, 0, 0, 0, 20, 1, 0, 0, 0, 0, 0, 1678817669, 0, 0, 0, 0, 0),
(309, 0, 1, 9, 16, 0, 0, 0, 0, 0, 0, 0, 0, 0, 0, 0, 0, 0, 0, 0, 0, 0, 0, 0, 0, 0, 0, 0, 0, 0, 0, 0, 0, 20, 1, 0, 0, 0, 0, 0, 1678817669, 0, 0, 0, 0, 0),
(310, 0, 1, 10, 16, 0, 0, 0, 0, 0, 0, 0, 0, 0, 0, 0, 0, 0, 0, 0, 0, 0, 0, 0, 0, 0, 0, 0, 0, 0, 0, 0, 0, 20, 1, 0, 0, 0, 0, 0, 1678817669, 0, 0, 0, 0, 0),
(311, 0, 1, 11, 16, 0, 0, 0, 0, 0, 0, 0, 0, 0, 0, 0, 0, 0, 0, 0, 0, 0, 0, 0, 0, 0, 0, 0, 0, 0, 0, 0, 0, 20, 1, 0, 0, 0, 0, 0, 1678817669, 0, 0, 0, 0, 0),
(312, 0, 1, 12, 16, 0, 0, 0, 0, 0, 0, 0, 0, 0, 0, 0, 0, 0, 0, 0, 0, 0, 0, 0, 0, 0, 0, 0, 0, 0, 0, 0, 0, 20, 1, 0, 0, 0, 0, 0, 1678817669, 0, 0, 0, 0, 0),
(313, 0, 1, 13, 16, 0, 0, 0, 0, 0, 0, 0, 0, 0, 0, 0, 0, 0, 0, 0, 0, 0, 0, 0, 0, 0, 0, 0, 0, 0, 0, 0, 0, 20, 1, 0, 0, 0, 0, 0, 1678817669, 0, 0, 0, 0, 0),
(314, 0, 1, 14, 16, 0, 0, 0, 0, 0, 0, 0, 0, 0, 0, 0, 0, 0, 0, 0, 0, 0, 0, 0, 0, 0, 0, 0, 0, 0, 0, 0, 0, 20, 1, 0, 0, 0, 0, 0, 1678817669, 0, 0, 0, 0, 0),
(315, 0, 1, 15, 16, 0, 0, 0, 0, 0, 0, 0, 0, 0, 0, 0, 0, 0, 0, 0, 0, 0, 0, 0, 0, 0, 0, 0, 0, 0, 0, 0, 0, 20, 1, 0, 0, 0, 0, 0, 1678817669, 0, 0, 0, 0, 0),
(316, 0, 1, 16, 16, 0, 0, 0, 0, 0, 0, 0, 0, 0, 0, 0, 0, 0, 0, 0, 0, 0, 0, 0, 0, 0, 0, 0, 0, 0, 0, 0, 0, 20, 1, 0, 0, 0, 0, 0, 1678817669, 0, 0, 0, 0, 0),
(317, 0, 1, 17, 16, 0, 0, 0, 0, 0, 0, 0, 0, 0, 0, 0, 0, 0, 0, 0, 0, 0, 0, 0, 0, 0, 0, 0, 0, 0, 0, 0, 0, 20, 1, 0, 0, 0, 0, 0, 1678817669, 0, 0, 0, 0, 0),
(318, 0, 1, 18, 16, 0, 0, 0, 0, 0, 0, 0, 0, 0, 0, 0, 0, 0, 0, 0, 0, 0, 0, 0, 0, 0, 0, 0, 0, 0, 0, 0, 0, 20, 1, 0, 0, 0, 0, 0, 1678817669, 0, 0, 0, 0, 0),
(319, 0, 1, 19, 16, 0, 0, 0, 0, 0, 0, 0, 0, 0, 0, 0, 0, 0, 0, 0, 0, 0, 0, 0, 0, 0, 0, 0, 0, 0, 0, 0, 0, 20, 1, 0, 0, 0, 0, 0, 1678817669, 0, 0, 0, 0, 0),
(320, 0, 1, 20, 16, 0, 0, 0, 0, 0, 0, 0, 0, 0, 0, 0, 0, 0, 0, 0, 0, 0, 0, 0, 0, 0, 0, 0, 0, 0, 0, 0, 0, 20, 1, 0, 0, 0, 0, 0, 1678817669, 0, 0, 0, 0, 0),
(321, 0, 1, 1, 17, 0, 0, 0, 0, 0, 0, 0, 0, 0, 0, 0, 0, 0, 0, 0, 0, 0, 0, 0, 0, 0, 0, 0, 0, 0, 0, 0, 0, 20, 1, 0, 0, 0, 0, 0, 1678817669, 0, 0, 0, 0, 0),
(322, 0, 1, 2, 17, 0, 0, 0, 0, 0, 0, 0, 0, 0, 0, 0, 0, 0, 0, 0, 0, 0, 0, 0, 0, 0, 0, 0, 0, 0, 0, 0, 0, 20, 1, 0, 0, 0, 0, 0, 1678817669, 0, 0, 0, 0, 0),
(323, 0, 1, 3, 17, 0, 0, 0, 0, 0, 0, 0, 0, 0, 0, 0, 0, 0, 0, 0, 0, 0, 0, 0, 0, 0, 0, 0, 0, 0, 0, 0, 0, 20, 1, 0, 0, 0, 0, 0, 1678817669, 0, 0, 0, 0, 0),
(324, 0, 1, 4, 17, 0, 0, 0, 0, 0, 0, 0, 0, 0, 0, 0, 0, 0, 0, 0, 0, 0, 0, 0, 0, 0, 0, 0, 0, 0, 0, 0, 0, 20, 1, 0, 0, 0, 0, 0, 1678817669, 0, 0, 0, 0, 0),
(325, 0, 1, 5, 17, 0, 0, 0, 0, 0, 0, 0, 0, 0, 0, 0, 0, 0, 0, 0, 0, 0, 0, 0, 0, 0, 0, 0, 0, 0, 0, 0, 0, 20, 1, 0, 0, 0, 0, 0, 1678817669, 0, 0, 0, 0, 0),
(326, 0, 1, 6, 17, 0, 0, 0, 0, 0, 0, 0, 0, 0, 0, 0, 0, 0, 0, 0, 0, 0, 0, 0, 0, 0, 0, 0, 0, 0, 0, 0, 0, 20, 1, 0, 0, 0, 0, 0, 1678817669, 0, 0, 0, 0, 0),
(327, 0, 1, 7, 17, 0, 0, 0, 0, 0, 0, 0, 0, 0, 0, 0, 0, 0, 0, 0, 0, 0, 0, 0, 0, 0, 0, 0, 0, 0, 0, 0, 0, 20, 1, 0, 0, 0, 0, 0, 1678817669, 0, 0, 0, 0, 0);
INSERT INTO `wioska` (`id`, `id_uczestnika`, `mecz`, `pozycjax`, `pozycjay`, `ratusz`, `gospodarstwo`, `huta`, `kuznia`, `kamieniolom`, `tartak`, `dom`, `blok`, `uniwersytet`, `kosciol`, `koszary`, `stajnia`, `fabryka`, `lotnisko`, `miecznik`, `lucznik`, `kawalerzysta`, `lucznikkon`, `karabin`, `armata`, `czolg`, `karabinmaszynowy`, `mustang`, `dzialolot`, `F35`, `patriot`, `northropB2`, `tomahawk`, `cywile`, `morale`, `zywnosc`, `drewno`, `kamien`, `metal`, `pieniadze`, `czas`, `predkosc_zywnosc`, `predkosc_drewno`, `predkosc_kamien`, `predkosc_metal`, `predkosc_zl`) VALUES
(328, 0, 1, 8, 17, 0, 0, 0, 0, 0, 0, 0, 0, 0, 0, 0, 0, 0, 0, 0, 0, 0, 0, 0, 0, 0, 0, 0, 0, 0, 0, 0, 0, 20, 1, 0, 0, 0, 0, 0, 1678817669, 0, 0, 0, 0, 0),
(329, 0, 1, 9, 17, 0, 0, 0, 0, 0, 0, 0, 0, 0, 0, 0, 0, 0, 0, 0, 0, 0, 0, 0, 0, 0, 0, 0, 0, 0, 0, 0, 0, 20, 1, 0, 0, 0, 0, 0, 1678817669, 0, 0, 0, 0, 0),
(330, 0, 1, 10, 17, 0, 0, 0, 0, 0, 0, 0, 0, 0, 0, 0, 0, 0, 0, 0, 0, 0, 0, 0, 0, 0, 0, 0, 0, 0, 0, 0, 0, 20, 1, 0, 0, 0, 0, 0, 1678817669, 0, 0, 0, 0, 0),
(331, 0, 1, 11, 17, 0, 0, 0, 0, 0, 0, 0, 0, 0, 0, 0, 0, 0, 0, 0, 0, 0, 0, 0, 0, 0, 0, 0, 0, 0, 0, 0, 0, 20, 1, 0, 0, 0, 0, 0, 1678817669, 0, 0, 0, 0, 0),
(332, 0, 1, 12, 17, 0, 0, 0, 0, 0, 0, 0, 0, 0, 0, 0, 0, 0, 0, 0, 0, 0, 0, 0, 0, 0, 0, 0, 0, 0, 0, 0, 0, 20, 1, 0, 0, 0, 0, 0, 1678817669, 0, 0, 0, 0, 0),
(333, 0, 1, 13, 17, 0, 0, 0, 0, 0, 0, 0, 0, 0, 0, 0, 0, 0, 0, 0, 0, 0, 0, 0, 0, 0, 0, 0, 0, 0, 0, 0, 0, 20, 1, 0, 0, 0, 0, 0, 1678817669, 0, 0, 0, 0, 0),
(334, 0, 1, 14, 17, 0, 0, 0, 0, 0, 0, 0, 0, 0, 0, 0, 0, 0, 0, 0, 0, 0, 0, 0, 0, 0, 0, 0, 0, 0, 0, 0, 0, 20, 1, 0, 0, 0, 0, 0, 1678817669, 0, 0, 0, 0, 0),
(335, 0, 1, 15, 17, 0, 0, 0, 0, 0, 0, 0, 0, 0, 0, 0, 0, 0, 0, 0, 0, 0, 0, 0, 0, 0, 0, 0, 0, 0, 0, 0, 0, 20, 1, 0, 0, 0, 0, 0, 1678817669, 0, 0, 0, 0, 0),
(336, 0, 1, 16, 17, 0, 0, 0, 0, 0, 0, 0, 0, 0, 0, 0, 0, 0, 0, 0, 0, 0, 0, 0, 0, 0, 0, 0, 0, 0, 0, 0, 0, 20, 1, 0, 0, 0, 0, 0, 1678817669, 0, 0, 0, 0, 0),
(337, 0, 1, 17, 17, 0, 0, 0, 0, 0, 0, 0, 0, 0, 0, 0, 0, 0, 0, 0, 0, 0, 0, 0, 0, 0, 0, 0, 0, 0, 0, 0, 0, 20, 1, 0, 0, 0, 0, 0, 1678817669, 0, 0, 0, 0, 0),
(338, 0, 1, 18, 17, 0, 0, 0, 0, 0, 0, 0, 0, 0, 0, 0, 0, 0, 0, 0, 0, 0, 0, 0, 0, 0, 0, 0, 0, 0, 0, 0, 0, 20, 1, 0, 0, 0, 0, 0, 1678817669, 0, 0, 0, 0, 0),
(339, 0, 1, 19, 17, 0, 0, 0, 0, 0, 0, 0, 0, 0, 0, 0, 0, 0, 0, 0, 0, 0, 0, 0, 0, 0, 0, 0, 0, 0, 0, 0, 0, 20, 1, 0, 0, 0, 0, 0, 1678817669, 0, 0, 0, 0, 0),
(340, 0, 1, 20, 17, 0, 0, 0, 0, 0, 0, 0, 0, 0, 0, 0, 0, 0, 0, 0, 0, 0, 0, 0, 0, 0, 0, 0, 0, 0, 0, 0, 0, 20, 1, 0, 0, 0, 0, 0, 1678817669, 0, 0, 0, 0, 0),
(341, 0, 1, 1, 18, 0, 0, 0, 0, 0, 0, 0, 0, 0, 0, 0, 0, 0, 0, 0, 0, 0, 0, 0, 0, 0, 0, 0, 0, 0, 0, 0, 0, 20, 1, 0, 0, 0, 0, 0, 1678817669, 0, 0, 0, 0, 0),
(342, 0, 1, 2, 18, 0, 0, 0, 0, 0, 0, 0, 0, 0, 0, 0, 0, 0, 0, 0, 0, 0, 0, 0, 0, 0, 0, 0, 0, 0, 0, 0, 0, 20, 1, 0, 0, 0, 0, 0, 1678817669, 0, 0, 0, 0, 0),
(343, 0, 1, 3, 18, 0, 0, 0, 0, 0, 0, 0, 0, 0, 0, 0, 0, 0, 0, 0, 0, 0, 0, 0, 0, 0, 0, 0, 0, 0, 0, 0, 0, 20, 1, 0, 0, 0, 0, 0, 1678817669, 0, 0, 0, 0, 0),
(344, 0, 1, 4, 18, 0, 0, 0, 0, 0, 0, 0, 0, 0, 0, 0, 0, 0, 0, 0, 0, 0, 0, 0, 0, 0, 0, 0, 0, 0, 0, 0, 0, 20, 1, 0, 0, 0, 0, 0, 1678817669, 0, 0, 0, 0, 0),
(345, 0, 1, 5, 18, 0, 0, 0, 0, 0, 0, 0, 0, 0, 0, 0, 0, 0, 0, 0, 0, 0, 0, 0, 0, 0, 0, 0, 0, 0, 0, 0, 0, 20, 1, 0, 0, 0, 0, 0, 1678817669, 0, 0, 0, 0, 0),
(346, 0, 1, 6, 18, 0, 0, 0, 0, 0, 0, 0, 0, 0, 0, 0, 0, 0, 0, 0, 0, 0, 0, 0, 0, 0, 0, 0, 0, 0, 0, 0, 0, 20, 1, 0, 0, 0, 0, 0, 1678817669, 0, 0, 0, 0, 0),
(347, 0, 1, 7, 18, 0, 0, 0, 0, 0, 0, 0, 0, 0, 0, 0, 0, 0, 0, 0, 0, 0, 0, 0, 0, 0, 0, 0, 0, 0, 0, 0, 0, 20, 1, 0, 0, 0, 0, 0, 1678817669, 0, 0, 0, 0, 0),
(348, 0, 1, 8, 18, 0, 0, 0, 0, 0, 0, 0, 0, 0, 0, 0, 0, 0, 0, 0, 0, 0, 0, 0, 0, 0, 0, 0, 0, 0, 0, 0, 0, 20, 1, 0, 0, 0, 0, 0, 1678817669, 0, 0, 0, 0, 0),
(349, 0, 1, 9, 18, 0, 0, 0, 0, 0, 0, 0, 0, 0, 0, 0, 0, 0, 0, 0, 0, 0, 0, 0, 0, 0, 0, 0, 0, 0, 0, 0, 0, 20, 1, 0, 0, 0, 0, 0, 1678817669, 0, 0, 0, 0, 0),
(350, 0, 1, 10, 18, 0, 0, 0, 0, 0, 0, 0, 0, 0, 0, 0, 0, 0, 0, 0, 0, 0, 0, 0, 0, 0, 0, 0, 0, 0, 0, 0, 0, 20, 1, 0, 0, 0, 0, 0, 1678817669, 0, 0, 0, 0, 0),
(351, 0, 1, 11, 18, 0, 0, 0, 0, 0, 0, 0, 0, 0, 0, 0, 0, 0, 0, 0, 0, 0, 0, 0, 0, 0, 0, 0, 0, 0, 0, 0, 0, 20, 1, 0, 0, 0, 0, 0, 1678817669, 0, 0, 0, 0, 0),
(352, 0, 1, 12, 18, 0, 0, 0, 0, 0, 0, 0, 0, 0, 0, 0, 0, 0, 0, 0, 0, 0, 0, 0, 0, 0, 0, 0, 0, 0, 0, 0, 0, 20, 1, 0, 0, 0, 0, 0, 1678817669, 0, 0, 0, 0, 0),
(353, 0, 1, 13, 18, 0, 0, 0, 0, 0, 0, 0, 0, 0, 0, 0, 0, 0, 0, 0, 0, 0, 0, 0, 0, 0, 0, 0, 0, 0, 0, 0, 0, 20, 1, 0, 0, 0, 0, 0, 1678817669, 0, 0, 0, 0, 0),
(354, 0, 1, 14, 18, 0, 0, 0, 0, 0, 0, 0, 0, 0, 0, 0, 0, 0, 0, 0, 0, 0, 0, 0, 0, 0, 0, 0, 0, 0, 0, 0, 0, 20, 1, 0, 0, 0, 0, 0, 1678817669, 0, 0, 0, 0, 0),
(355, 0, 1, 15, 18, 0, 0, 0, 0, 0, 0, 0, 0, 0, 0, 0, 0, 0, 0, 0, 0, 0, 0, 0, 0, 0, 0, 0, 0, 0, 0, 0, 0, 20, 1, 0, 0, 0, 0, 0, 1678817669, 0, 0, 0, 0, 0),
(356, 0, 1, 16, 18, 0, 0, 0, 0, 0, 0, 0, 0, 0, 0, 0, 0, 0, 0, 0, 0, 0, 0, 0, 0, 0, 0, 0, 0, 0, 0, 0, 0, 20, 1, 0, 0, 0, 0, 0, 1678817669, 0, 0, 0, 0, 0),
(357, 0, 1, 17, 18, 0, 0, 0, 0, 0, 0, 0, 0, 0, 0, 0, 0, 0, 0, 0, 0, 0, 0, 0, 0, 0, 0, 0, 0, 0, 0, 0, 0, 20, 1, 0, 0, 0, 0, 0, 1678817669, 0, 0, 0, 0, 0),
(358, 0, 1, 18, 18, 0, 0, 0, 0, 0, 0, 0, 0, 0, 0, 0, 0, 0, 0, 0, 0, 0, 0, 0, 0, 0, 0, 0, 0, 0, 0, 0, 0, 20, 1, 0, 0, 0, 0, 0, 1678817669, 0, 0, 0, 0, 0),
(359, 0, 1, 19, 18, 0, 0, 0, 0, 0, 0, 0, 0, 0, 0, 0, 0, 0, 0, 0, 0, 0, 0, 0, 0, 0, 0, 0, 0, 0, 0, 0, 0, 20, 1, 0, 0, 0, 0, 0, 1678817669, 0, 0, 0, 0, 0),
(360, 0, 1, 20, 18, 0, 0, 0, 0, 0, 0, 0, 0, 0, 0, 0, 0, 0, 0, 0, 0, 0, 0, 0, 0, 0, 0, 0, 0, 0, 0, 0, 0, 20, 1, 0, 0, 0, 0, 0, 1678817669, 0, 0, 0, 0, 0),
(361, 0, 1, 1, 19, 0, 0, 0, 0, 0, 0, 0, 0, 0, 0, 0, 0, 0, 0, 0, 0, 0, 0, 0, 0, 0, 0, 0, 0, 0, 0, 0, 0, 20, 1, 0, 0, 0, 0, 0, 1678817669, 0, 0, 0, 0, 0),
(362, 0, 1, 2, 19, 0, 0, 0, 0, 0, 0, 0, 0, 0, 0, 0, 0, 0, 0, 0, 0, 0, 0, 0, 0, 0, 0, 0, 0, 0, 0, 0, 0, 20, 1, 0, 0, 0, 0, 0, 1678817669, 0, 0, 0, 0, 0),
(363, 0, 1, 3, 19, 0, 0, 0, 0, 0, 0, 0, 0, 0, 0, 0, 0, 0, 0, 0, 0, 0, 0, 0, 0, 0, 0, 0, 0, 0, 0, 0, 0, 20, 1, 0, 0, 0, 0, 0, 1678817669, 0, 0, 0, 0, 0),
(364, 0, 1, 4, 19, 0, 0, 0, 0, 0, 0, 0, 0, 0, 0, 0, 0, 0, 0, 0, 0, 0, 0, 0, 0, 0, 0, 0, 0, 0, 0, 0, 0, 20, 1, 0, 0, 0, 0, 0, 1678817669, 0, 0, 0, 0, 0),
(365, 0, 1, 5, 19, 0, 0, 0, 0, 0, 0, 0, 0, 0, 0, 0, 0, 0, 0, 0, 0, 0, 0, 0, 0, 0, 0, 0, 0, 0, 0, 0, 0, 20, 1, 0, 0, 0, 0, 0, 1678817669, 0, 0, 0, 0, 0),
(366, 0, 1, 6, 19, 0, 0, 0, 0, 0, 0, 0, 0, 0, 0, 0, 0, 0, 0, 0, 0, 0, 0, 0, 0, 0, 0, 0, 0, 0, 0, 0, 0, 20, 1, 0, 0, 0, 0, 0, 1678817669, 0, 0, 0, 0, 0),
(367, 0, 1, 7, 19, 0, 0, 0, 0, 0, 0, 0, 0, 0, 0, 0, 0, 0, 0, 0, 0, 0, 0, 0, 0, 0, 0, 0, 0, 0, 0, 0, 0, 20, 1, 0, 0, 0, 0, 0, 1678817669, 0, 0, 0, 0, 0),
(368, 0, 1, 8, 19, 0, 0, 0, 0, 0, 0, 0, 0, 0, 0, 0, 0, 0, 0, 0, 0, 0, 0, 0, 0, 0, 0, 0, 0, 0, 0, 0, 0, 20, 1, 0, 0, 0, 0, 0, 1678817669, 0, 0, 0, 0, 0),
(369, 0, 1, 9, 19, 0, 0, 0, 0, 0, 0, 0, 0, 0, 0, 0, 0, 0, 0, 0, 0, 0, 0, 0, 0, 0, 0, 0, 0, 0, 0, 0, 0, 20, 1, 0, 0, 0, 0, 0, 1678817669, 0, 0, 0, 0, 0),
(370, 0, 1, 10, 19, 0, 0, 0, 0, 0, 0, 0, 0, 0, 0, 0, 0, 0, 0, 0, 0, 0, 0, 0, 0, 0, 0, 0, 0, 0, 0, 0, 0, 20, 1, 0, 0, 0, 0, 0, 1678817669, 0, 0, 0, 0, 0),
(371, 0, 1, 11, 19, 0, 0, 0, 0, 0, 0, 0, 0, 0, 0, 0, 0, 0, 0, 0, 0, 0, 0, 0, 0, 0, 0, 0, 0, 0, 0, 0, 0, 20, 1, 0, 0, 0, 0, 0, 1678817669, 0, 0, 0, 0, 0),
(372, 0, 1, 12, 19, 0, 0, 0, 0, 0, 0, 0, 0, 0, 0, 0, 0, 0, 0, 0, 0, 0, 0, 0, 0, 0, 0, 0, 0, 0, 0, 0, 0, 20, 1, 0, 0, 0, 0, 0, 1678817669, 0, 0, 0, 0, 0),
(373, 0, 1, 13, 19, 0, 0, 0, 0, 0, 0, 0, 0, 0, 0, 0, 0, 0, 0, 0, 0, 0, 0, 0, 0, 0, 0, 0, 0, 0, 0, 0, 0, 20, 1, 0, 0, 0, 0, 0, 1678817669, 0, 0, 0, 0, 0),
(374, 0, 1, 14, 19, 0, 0, 0, 0, 0, 0, 0, 0, 0, 0, 0, 0, 0, 0, 0, 0, 0, 0, 0, 0, 0, 0, 0, 0, 0, 0, 0, 0, 20, 1, 0, 0, 0, 0, 0, 1678817669, 0, 0, 0, 0, 0),
(375, 0, 1, 15, 19, 0, 0, 0, 0, 0, 0, 0, 0, 0, 0, 0, 0, 0, 0, 0, 0, 0, 0, 0, 0, 0, 0, 0, 0, 0, 0, 0, 0, 20, 1, 0, 0, 0, 0, 0, 1678817669, 0, 0, 0, 0, 0),
(376, 0, 1, 16, 19, 0, 0, 0, 0, 0, 0, 0, 0, 0, 0, 0, 0, 0, 0, 0, 0, 0, 0, 0, 0, 0, 0, 0, 0, 0, 0, 0, 0, 20, 1, 0, 0, 0, 0, 0, 1678817669, 0, 0, 0, 0, 0),
(377, 0, 1, 17, 19, 0, 0, 0, 0, 0, 0, 0, 0, 0, 0, 0, 0, 0, 0, 0, 0, 0, 0, 0, 0, 0, 0, 0, 0, 0, 0, 0, 0, 20, 1, 0, 0, 0, 0, 0, 1678817669, 0, 0, 0, 0, 0),
(378, 0, 1, 18, 19, 0, 0, 0, 0, 0, 0, 0, 0, 0, 0, 0, 0, 0, 0, 0, 0, 0, 0, 0, 0, 0, 0, 0, 0, 0, 0, 0, 0, 20, 1, 0, 0, 0, 0, 0, 1678817669, 0, 0, 0, 0, 0),
(379, 0, 1, 19, 19, 0, 0, 0, 0, 0, 0, 0, 0, 0, 0, 0, 0, 0, 0, 0, 0, 0, 0, 0, 0, 0, 0, 0, 0, 0, 0, 0, 0, 20, 1, 0, 0, 0, 0, 0, 1678817669, 0, 0, 0, 0, 0),
(380, 0, 1, 20, 19, 0, 0, 0, 0, 0, 0, 0, 0, 0, 0, 0, 0, 0, 0, 0, 0, 0, 0, 0, 0, 0, 0, 0, 0, 0, 0, 0, 0, 20, 1, 0, 0, 0, 0, 0, 1678817669, 0, 0, 0, 0, 0),
(381, 0, 1, 1, 20, 0, 0, 0, 0, 0, 0, 0, 0, 0, 0, 0, 0, 0, 0, 0, 0, 0, 0, 0, 0, 0, 0, 0, 0, 0, 0, 0, 0, 20, 1, 0, 0, 0, 0, 0, 1678817669, 0, 0, 0, 0, 0),
(382, 0, 1, 2, 20, 0, 0, 0, 0, 0, 0, 0, 0, 0, 0, 0, 0, 0, 0, 0, 0, 0, 0, 0, 0, 0, 0, 0, 0, 0, 0, 0, 0, 20, 1, 0, 0, 0, 0, 0, 1678817669, 0, 0, 0, 0, 0),
(383, 0, 1, 3, 20, 0, 0, 0, 0, 0, 0, 0, 0, 0, 0, 0, 0, 0, 0, 0, 0, 0, 0, 0, 0, 0, 0, 0, 0, 0, 0, 0, 0, 20, 1, 0, 0, 0, 0, 0, 1678817669, 0, 0, 0, 0, 0),
(384, 0, 1, 4, 20, 0, 0, 0, 0, 0, 0, 0, 0, 0, 0, 0, 0, 0, 0, 0, 0, 0, 0, 0, 0, 0, 0, 0, 0, 0, 0, 0, 0, 20, 1, 0, 0, 0, 0, 0, 1678817669, 0, 0, 0, 0, 0),
(385, 0, 1, 5, 20, 0, 0, 0, 0, 0, 0, 0, 0, 0, 0, 0, 0, 0, 0, 0, 0, 0, 0, 0, 0, 0, 0, 0, 0, 0, 0, 0, 0, 20, 1, 0, 0, 0, 0, 0, 1678817669, 0, 0, 0, 0, 0),
(386, 0, 1, 6, 20, 0, 0, 0, 0, 0, 0, 0, 0, 0, 0, 0, 0, 0, 0, 0, 0, 0, 0, 0, 0, 0, 0, 0, 0, 0, 0, 0, 0, 20, 1, 0, 0, 0, 0, 0, 1678817669, 0, 0, 0, 0, 0),
(387, 0, 1, 7, 20, 0, 0, 0, 0, 0, 0, 0, 0, 0, 0, 0, 0, 0, 0, 0, 0, 0, 0, 0, 0, 0, 0, 0, 0, 0, 0, 0, 0, 20, 1, 0, 0, 0, 0, 0, 1678817669, 0, 0, 0, 0, 0),
(388, 0, 1, 8, 20, 0, 0, 0, 0, 0, 0, 0, 0, 0, 0, 0, 0, 0, 0, 0, 0, 0, 0, 0, 0, 0, 0, 0, 0, 0, 0, 0, 0, 20, 1, 0, 0, 0, 0, 0, 1678817669, 0, 0, 0, 0, 0),
(389, 0, 1, 9, 20, 0, 0, 0, 0, 0, 0, 0, 0, 0, 0, 0, 0, 0, 0, 0, 0, 0, 0, 0, 0, 0, 0, 0, 0, 0, 0, 0, 0, 20, 1, 0, 0, 0, 0, 0, 1678817669, 0, 0, 0, 0, 0),
(390, 0, 1, 10, 20, 0, 0, 0, 0, 0, 0, 0, 0, 0, 0, 0, 0, 0, 0, 0, 0, 0, 0, 0, 0, 0, 0, 0, 0, 0, 0, 0, 0, 20, 1, 0, 0, 0, 0, 0, 1678817669, 0, 0, 0, 0, 0),
(391, 0, 1, 11, 20, 0, 0, 0, 0, 0, 0, 0, 0, 0, 0, 0, 0, 0, 0, 0, 0, 0, 0, 0, 0, 0, 0, 0, 0, 0, 0, 0, 0, 20, 1, 0, 0, 0, 0, 0, 1678817669, 0, 0, 0, 0, 0),
(392, 0, 1, 12, 20, 0, 0, 0, 0, 0, 0, 0, 0, 0, 0, 0, 0, 0, 0, 0, 0, 0, 0, 0, 0, 0, 0, 0, 0, 0, 0, 0, 0, 20, 1, 0, 0, 0, 0, 0, 1678817669, 0, 0, 0, 0, 0),
(393, 0, 1, 13, 20, 0, 0, 0, 0, 0, 0, 0, 0, 0, 0, 0, 0, 0, 0, 0, 0, 0, 0, 0, 0, 0, 0, 0, 0, 0, 0, 0, 0, 20, 1, 0, 0, 0, 0, 0, 1678817669, 0, 0, 0, 0, 0),
(394, 0, 1, 14, 20, 0, 0, 0, 0, 0, 0, 0, 0, 0, 0, 0, 0, 0, 0, 0, 0, 0, 0, 0, 0, 0, 0, 0, 0, 0, 0, 0, 0, 20, 1, 0, 0, 0, 0, 0, 1678817669, 0, 0, 0, 0, 0),
(395, 0, 1, 15, 20, 0, 0, 0, 0, 0, 0, 0, 0, 0, 0, 0, 0, 0, 0, 0, 0, 0, 0, 0, 0, 0, 0, 0, 0, 0, 0, 0, 0, 20, 1, 0, 0, 0, 0, 0, 1678817669, 0, 0, 0, 0, 0),
(396, 0, 1, 16, 20, 0, 0, 0, 0, 0, 0, 0, 0, 0, 0, 0, 0, 0, 0, 0, 0, 0, 0, 0, 0, 0, 0, 0, 0, 0, 0, 0, 0, 20, 1, 0, 0, 0, 0, 0, 1678817669, 0, 0, 0, 0, 0),
(397, 0, 1, 17, 20, 0, 0, 0, 0, 0, 0, 0, 0, 0, 0, 0, 0, 0, 0, 0, 0, 0, 0, 0, 0, 0, 0, 0, 0, 0, 0, 0, 0, 20, 1, 0, 0, 0, 0, 0, 1678817669, 0, 0, 0, 0, 0),
(398, 0, 1, 18, 20, 0, 0, 0, 0, 0, 0, 0, 0, 0, 0, 0, 0, 0, 0, 0, 0, 0, 0, 0, 0, 0, 0, 0, 0, 0, 0, 0, 0, 20, 1, 0, 0, 0, 0, 0, 1678817669, 0, 0, 0, 0, 0),
(399, 0, 1, 19, 20, 0, 0, 0, 0, 0, 0, 0, 0, 0, 0, 0, 0, 0, 0, 0, 0, 0, 0, 0, 0, 0, 0, 0, 0, 0, 0, 0, 0, 20, 1, 0, 0, 0, 0, 0, 1678817669, 0, 0, 0, 0, 0),
(400, 0, 1, 20, 20, 0, 0, 0, 0, 0, 0, 0, 0, 0, 0, 0, 0, 0, 0, 0, 0, 0, 0, 0, 0, 0, 0, 0, 0, 0, 0, 0, 0, 20, 1, 0, 0, 0, 0, 0, 1678817669, 0, 0, 0, 0, 0);

-- --------------------------------------------------------

--
-- Struktura tabeli dla tabeli `wojsko`
--

CREATE TABLE `wojsko` (
  `id` int(11) NOT NULL,
  `zywnosc` int(20) NOT NULL,
  `drewno` int(20) NOT NULL,
  `metal` int(20) NOT NULL,
  `kamien` int(20) NOT NULL,
  `pieniadze` int(20) NOT NULL,
  `obrona` int(20) NOT NULL,
  `atak` int(20) NOT NULL,
  `predkosc` int(20) NOT NULL,
  `era` int(5) NOT NULL,
  `czas_szkolenia` int(20) NOT NULL,
  `Nazwa` varchar(20) NOT NULL
) ENGINE=InnoDB DEFAULT CHARSET=utf8mb4 COLLATE=utf8mb4_general_ci;

--
-- Zrzut danych tabeli `wojsko`
--

INSERT INTO `wojsko` (`id`, `zywnosc`, `drewno`, `metal`, `kamien`, `pieniadze`, `obrona`, `atak`, `predkosc`, `era`, `czas_szkolenia`, `Nazwa`) VALUES
(1, 200, 50, 100, 0, 500, 1, 2, 5, 1, 300, 'Miecznik'),
(2, 200, 100, 100, 0, 500, 3, 1, 5, 1, 300, 'Lucznik'),
(3, 600, 100, 100, 0, 1000, 3, 8, 30, 2, 480, 'Kawalerzysta'),
(4, 600, 1000, 200, 0, 2000, 10, 20, 30, 2, 480, 'Lucznikkon'),
(5, 100, 0, 200, 0, 5000, 50, 40, 5, 3, 600, 'Karabin'),
(6, 400, 1000, 2000, 0, 10000, 10, 100, 4, 3, 600, 'Armata'),
(7, 0, 1000, 20000, 0, 1000000, 20000, 10000, 50, 4, 1200, 'Czolg'),
(8, 100, 0, 500, 0, 50000, 500, 400, 5, 4, 1200, 'Karabinmaszynowy'),
(9, 0, 0, 20000, 0, 1000000, 10000, 25000, 300, 4, 1500, 'Mustang'),
(10, 1000, 500, 20000, 0, 500000, 10000, 0, 0, 4, 1500, 'Dzialolot'),
(11, 0, 0, 100000, 0, 100000000, 5000000, 10000000, 1500, 5, 1800, 'F-35'),
(12, 0, 0, 100000, 0, 20000000, 5000000, 0, 0, 5, 1800, 'Patriot'),
(13, 0, 0, 1000000, 0, 200000000, 0, 50000000, 1000, 5, 2400, 'NorthropB2'),
(14, 0, 0, 20000, 0, 40000000, 10000000, 3000000, 10000, 5, 1800, 'Tomahawk');

--
-- Indeksy dla zrzutw tabel
--

--
-- Indeksy dla tabeli `ataki`
--
ALTER TABLE `ataki`
  ADD PRIMARY KEY (`id`);

--
-- Indeksy dla tabeli `budowa`
--
ALTER TABLE `budowa`
  ADD PRIMARY KEY (`id`);

--
-- Indeksy dla tabeli `budynki`
--
ALTER TABLE `budynki`
  ADD PRIMARY KEY (`id`);

--
-- Indeksy dla tabeli `ery`
--
ALTER TABLE `ery`
  ADD PRIMARY KEY (`id`);

--
-- Indeksy dla tabeli `morale`
--
ALTER TABLE `morale`
  ADD PRIMARY KEY (`id`);

--
-- Indeksy dla tabeli `szkolenia`
--
ALTER TABLE `szkolenia`
  ADD PRIMARY KEY (`id`);

--
-- Indeksy dla tabeli `uczestnicy`
--
ALTER TABLE `uczestnicy`
  ADD PRIMARY KEY (`id`),
  ADD KEY `id_user` (`id_user`);

--
-- Indeksy dla tabeli `uzytkownicy`
--
ALTER TABLE `uzytkownicy`
  ADD PRIMARY KEY (`id`),
  ADD UNIQUE KEY `login` (`login`);

--
-- Indeksy dla tabeli `wioska`
--
ALTER TABLE `wioska`
  ADD PRIMARY KEY (`id`),
  ADD KEY `id_uczestnika` (`id_uczestnika`);

--
-- Indeksy dla tabeli `wojsko`
--
ALTER TABLE `wojsko`
  ADD PRIMARY KEY (`id`);

--
-- AUTO_INCREMENT dla zrzuconych tabel
--

--
-- AUTO_INCREMENT dla tabeli `ataki`
--
ALTER TABLE `ataki`
  MODIFY `id` int(10) NOT NULL AUTO_INCREMENT;

--
-- AUTO_INCREMENT dla tabeli `budowa`
--
ALTER TABLE `budowa`
  MODIFY `id` int(11) NOT NULL AUTO_INCREMENT, AUTO_INCREMENT=14;

--
-- AUTO_INCREMENT dla tabeli `budynki`
--
ALTER TABLE `budynki`
  MODIFY `id` int(11) NOT NULL AUTO_INCREMENT, AUTO_INCREMENT=15;

--
-- AUTO_INCREMENT dla tabeli `ery`
--
ALTER TABLE `ery`
  MODIFY `id` int(11) NOT NULL AUTO_INCREMENT, AUTO_INCREMENT=8;

--
-- AUTO_INCREMENT dla tabeli `morale`
--
ALTER TABLE `morale`
  MODIFY `id` int(11) NOT NULL AUTO_INCREMENT, AUTO_INCREMENT=7;

--
-- AUTO_INCREMENT dla tabeli `szkolenia`
--
ALTER TABLE `szkolenia`
  MODIFY `id` int(20) NOT NULL AUTO_INCREMENT, AUTO_INCREMENT=4;

--
-- AUTO_INCREMENT dla tabeli `uczestnicy`
--
ALTER TABLE `uczestnicy`
  MODIFY `id` int(11) NOT NULL AUTO_INCREMENT, AUTO_INCREMENT=6;

--
-- AUTO_INCREMENT dla tabeli `uzytkownicy`
--
ALTER TABLE `uzytkownicy`
  MODIFY `id` int(10) NOT NULL AUTO_INCREMENT, AUTO_INCREMENT=8;

--
-- AUTO_INCREMENT dla tabeli `wioska`
--
ALTER TABLE `wioska`
  MODIFY `id` int(11) NOT NULL AUTO_INCREMENT, AUTO_INCREMENT=401;

--
-- AUTO_INCREMENT dla tabeli `wojsko`
--
ALTER TABLE `wojsko`
  MODIFY `id` int(11) NOT NULL AUTO_INCREMENT, AUTO_INCREMENT=15;

--
-- Ograniczenia dla zrzutw tabel
--

--
-- Ograniczenia dla tabeli `uczestnicy`
--
ALTER TABLE `uczestnicy`
  ADD CONSTRAINT `uczestnicy_ibfk_1` FOREIGN KEY (`id_user`) REFERENCES `uzytkownicy` (`id`);

--
-- Ograniczenia dla tabeli `wioska`
--
ALTER TABLE `wioska`
  ADD CONSTRAINT `wioska_ibfk_1` FOREIGN KEY (`id_uczestnika`) REFERENCES `uczestnicy` (`id`);
COMMIT;

/*!40101 SET CHARACTER_SET_CLIENT=@OLD_CHARACTER_SET_CLIENT */;
/*!40101 SET CHARACTER_SET_RESULTS=@OLD_CHARACTER_SET_RESULTS */;
/*!40101 SET COLLATION_CONNECTION=@OLD_COLLATION_CONNECTION */;
